customer_id,first_name,last_name,age,email,country,postal_code,favorite_color,membership_status,registration_date
1,Cristi,Bruckenthal,70,cbruckenthal0@telegraph.co.uk,China,,blue,inactive,9/9/2020
2,Kerrie,Heyball,68,kheyball1@godaddy.com,Kazakhstan,,blue,pending,2/10/2022
3,Sofie,Benedick,54,sbenedick2@timesonline.co.uk,France,92527 CEDEX,blue,active,4/19/2020
4,Eydie,Maykin,25,emaykin3@bbb.org,Portugal,4850-194,green,inactive,3/2/2020
5,Fancie,Richten,20,frichten4@hexun.com,Poland,34-205,green,active,7/23/2020
6,Alexis,Locksley,51,alocksley5@bloglines.com,Ecuador,,blue,pending,4/9/2021
7,Jorgan,Plampin,36,jplampin6@aboutads.info,Bolivia,,red,inactive,9/11/2021
8,Nilson,Chismon,30,nchismon7@csmonitor.com,Indonesia,,blue,active,11/28/2020
9,Chad,Bownes,57,cbownes8@nba.com,Indonesia,,red,active,3/6/2022
10,Jeremiah,Smitham,52,jsmitham9@forbes.com,Indonesia,,green,inactive,9/25/2022
11,Benjamin,Rossetti,82,brossettia@bravesites.com,Thailand,43120,blue,inactive,7/5/2020
12,Tobit,Battell,38,tbattellb@opera.com,Greece,,green,inactive,3/6/2022
13,Estevan,Kiernan,28,ekiernanc@uol.com.br,Portugal,3840-272,red,active,6/28/2020
14,Chiarra,O'Kynsillaghe,69,cokynsillaghed@yale.edu,Yemen,,green,inactive,5/17/2020
15,Nanine,Eckford,49,neckforde@ucoz.com,Thailand,43150,blue,pending,11/14/2022
16,Pennie,Zannolli,74,pzannollif@facebook.com,Japan,682-0953,red,active,2/11/2021
17,Toby,Rothera,64,trotherag@myspace.com,China,,blue,pending,7/29/2021
18,Rinaldo,Synan,64,rsynanh@plala.or.jp,Syria,,blue,inactive,9/23/2022
19,Marcus,Fayer,41,mfayeri@mozilla.org,China,,red,inactive,10/27/2022
20,Kathi,Redon,83,kredonj@macromedia.com,Russia,181000,green,inactive,12/20/2020
21,Carmon,Showen,74,cshowenk@lulu.com,China,,green,inactive,9/16/2022
22,Sheffy,Boyes,84,sboyesl@guardian.co.uk,Philippines,6101,green,inactive,11/8/2020
23,Haywood,Prettyjohn,19,hprettyjohnm@yandex.ru,China,,red,inactive,1/7/2020
24,Zerk,Jiricka,48,zjirickan@sfgate.com,China,,red,inactive,11/18/2022
25,Alida,Searchfield,56,asearchfieldo@twitpic.com,United States,55905,blue,pending,10/5/2020
26,Titus,Brunesco,85,tbrunescop@java.com,Colombia,662017,blue,active,7/3/2022
27,Felicdad,Gleadhell,56,fgleadhellq@nytimes.com,Croatia,51281,blue,active,1/14/2022
28,Teodoro,Brentnall,24,tbrentnallr@go.com,China,,blue,active,4/28/2022
29,Jamie,Barnham,49,jbarnhams@ihg.com,Kazakhstan,,red,active,3/9/2022
30,Sharla,Skermer,72,sskermert@yahoo.co.jp,China,,blue,inactive,3/7/2022
31,Andie,Mallabund,80,amallabundu@blogspot.com,Russia,624088,red,active,2/3/2022
32,Rodrigo,Paulet,75,rpauletv@wikia.com,China,,blue,inactive,12/18/2020
33,Lucky,Vasilov,83,lvasilovw@google.nl,Portugal,4910-035,blue,pending,9/19/2022
34,Yehudit,Keme,74,ykemex@cbsnews.com,Russia,215107,blue,active,2/17/2021
35,Emelita,Cozby,56,ecozbyy@tripod.com,Poland,82-100,green,active,3/1/2022
36,Galven,Brandreth,80,gbrandrethz@wikipedia.org,Philippines,4010,green,active,8/28/2022
37,Izaak,Tarbath,48,itarbath10@ftc.gov,Canada,B2V,green,pending,9/20/2020
38,Karola,Wychard,62,kwychard11@mysql.com,Brazil,49500-000,green,pending,4/1/2022
39,Eyde,Proudman,53,eproudman12@google.cn,Thailand,41220,green,pending,1/27/2021
40,Fernande,Torpie,64,ftorpie13@businessweek.com,China,,blue,pending,5/1/2022
41,Hilly,Sirett,31,hsirett14@hostgator.com,Portugal,2825-843,green,pending,3/1/2021
42,Hildagard,Ismail,36,hismail15@netvibes.com,Vietnam,,blue,active,2/2/2021
43,Austen,Maddra,48,amaddra16@gizmodo.com,Philippines,8120,blue,active,8/14/2022
44,Sawyere,Enticott,59,senticott17@skyrock.com,Indonesia,,green,pending,5/30/2022
45,Alberta,Greggs,62,agreggs18@newsvine.com,China,,red,inactive,4/30/2020
46,Forrest,Layburn,59,flayburn19@amazonaws.com,Russia,242760,red,inactive,3/3/2022
47,Selie,Hanalan,56,shanalan1a@angelfire.com,Argentina,5385,blue,pending,3/26/2020
48,Antone,Gregolin,32,agregolin1b@arstechnica.com,Guatemala,17004,green,inactive,1/20/2022
49,Nickolaus,Byart,82,nbyart1c@nbcnews.com,China,,blue,inactive,7/24/2021
50,Cacilie,Petkov,82,cpetkov1d@theatlantic.com,Philippines,8102,green,pending,3/16/2022
51,Kathlin,Klugman,71,kklugman1e@bigcartel.com,Indonesia,,blue,active,6/25/2020
52,Alisha,Kenforth,79,akenforth1f@webnode.com,South Africa,1396,red,active,6/8/2020
53,Lucia,Ovenden,25,lovenden1g@sun.com,South Africa,9334,green,pending,8/17/2021
54,Nehemiah,Morfett,41,nmorfett1h@wsj.com,Sweden,121 32,blue,pending,8/22/2021
55,Nari,Stilly,80,nstilly1i@hhs.gov,Poland,56-306,blue,active,5/5/2020
56,Felipe,Tomczykiewicz,28,ftomczykiewicz1j@yahoo.com,Ethiopia,,blue,pending,10/25/2021
57,Charis,Bayman,78,cbayman1k@redcross.org,Slovenia,1411,red,active,1/10/2020
58,Sandra,Martinek,54,smartinek1l@so-net.ne.jp,China,,green,inactive,10/15/2022
59,Armin,Samms,52,asamms1m@hatena.ne.jp,China,,blue,active,6/11/2022
60,Danell,Teese,28,dteese1n@comsenz.com,China,,blue,inactive,7/20/2020
61,Laura,Slowgrave,53,lslowgrave1o@weather.com,Russia,391339,blue,pending,1/27/2021
62,Beck,Vescovo,31,bvescovo1p@imgur.com,Philippines,4425,red,pending,4/17/2021
63,Penelope,Thackston,22,pthackston1q@boston.com,China,,blue,pending,8/13/2021
64,Lloyd,Alfonso,64,lalfonso1r@redcross.org,Ukraine,,blue,pending,3/29/2020
65,Nigel,Hammor,71,nhammor1s@google.ru,Japan,375-0054,green,pending,11/24/2020
66,Kirsteni,Davidofski,79,kdavidofski1t@netvibes.com,Brazil,19600-000,red,pending,11/19/2021
67,Reine,Camillo,38,rcamillo1u@dell.com,United States,45426,red,active,8/6/2020
68,Jamal,Kinder,43,jkinder1v@dot.gov,Indonesia,,red,active,11/14/2021
69,Pierson,Morrel,63,pmorrel1w@stumbleupon.com,Thailand,80110,blue,pending,12/15/2020
70,Mommy,Haddleton,63,mhaddleton1x@dailymail.co.uk,Brazil,83000-000,blue,active,9/11/2020
71,Charmian,Abernethy,60,cabernethy1y@360.cn,Sweden,582 21,blue,active,7/9/2020
72,Titus,Bonnier,36,tbonnier1z@cafepress.com,China,,blue,inactive,1/12/2021
73,Marcus,Barthod,65,mbarthod20@wp.com,Finland,59101,blue,pending,12/17/2021
74,Jacobo,Seiffert,62,jseiffert21@hhs.gov,Eritrea,,red,active,5/10/2021
75,Janean,Worsnop,55,jworsnop22@japanpost.jp,China,,red,pending,12/25/2020
76,Carr,O'Daly,74,codaly23@ustream.tv,Indonesia,,red,active,1/11/2020
77,Maxwell,Taphouse,53,mtaphouse24@posterous.com,United States,20337,blue,inactive,3/26/2021
78,Idalina,Holbie,54,iholbie25@wired.com,Spain,30010,red,inactive,7/16/2022
79,Kienan,Hobson,64,khobson26@sun.com,Morocco,,blue,active,9/30/2020
80,Walther,Fisk,58,wfisk27@cdbaby.com,France,59304 CEDEX,blue,inactive,10/22/2022
81,Adoree,Rattry,38,arattry28@hugedomains.com,United States,98140,green,inactive,1/13/2021
82,Nolly,Domeney,65,ndomeney29@howstuffworks.com,Nepal,,red,inactive,7/27/2021
83,Kirbie,Celes,29,kceles2a@latimes.com,China,,green,pending,6/22/2020
84,Leah,Ivakhno,20,livakhno2b@vkontakte.ru,China,,green,active,4/11/2020
85,Salli,Bridat,79,sbridat2c@csmonitor.com,Mexico,32050,red,inactive,7/9/2021
86,Jarad,Mauger,19,jmauger2d@ebay.co.uk,Philippines,3124,green,active,1/22/2022
87,Fletch,Kabisch,61,fkabisch2e@mit.edu,Equatorial Guinea,,red,active,12/13/2020
88,Carlye,Bleackley,19,cbleackley2f@google.ru,Ecuador,,green,inactive,11/30/2021
89,Candis,Ullyatt,75,cullyatt2g@twitpic.com,France,35047 CEDEX 9,red,inactive,10/9/2020
90,Ginger,Snoden,66,gsnoden2h@usa.gov,China,,green,active,11/9/2021
91,Elsa,Studdard,53,estuddard2i@pagesperso-orange.fr,Russia,456209,red,pending,8/28/2021
92,Norman,Haggath,70,nhaggath2j@woothemes.com,South Africa,8193,green,active,4/6/2020
93,Vonni,Doyland,59,vdoyland2k@slate.com,Indonesia,,red,active,1/17/2022
94,Joyce,Kebell,28,jkebell2l@gnu.org,China,,red,pending,12/28/2022
95,Orlan,Pawson,42,opawson2m@netscape.com,Poland,05-080,green,active,10/5/2022
96,Marty,McIlvaney,60,mmcilvaney2n@chron.com,France,56902 CEDEX 9,green,pending,9/25/2021
97,Aloisia,Latter,49,alatter2o@over-blog.com,Indonesia,,blue,active,6/24/2020
98,Nolie,Dallemore,83,ndallemore2p@mashable.com,Greece,,red,inactive,8/19/2021
99,Lance,Giacomini,74,lgiacomini2q@forbes.com,Indonesia,,blue,active,10/31/2020
100,Ave,Donoher,59,adonoher2r@wikispaces.com,Sweden,261 45,blue,pending,1/4/2020
101,Pernell,Stockley,75,pstockley2s@google.ru,United States,60663,red,active,2/25/2022
102,Burke,Bellas,30,bbellas2t@google.pl,Indonesia,,green,pending,4/28/2021
103,Gregoor,Streak,61,gstreak2u@dot.gov,China,,green,pending,2/7/2022
104,Rodie,Wigglesworth,44,rwigglesworth2v@amazonaws.com,Czech Republic,513 01,green,pending,7/6/2021
105,Alfons,Firidolfi,64,afiridolfi2w@creativecommons.org,Philippines,9214,blue,active,6/8/2020
106,Tobi,Giuron,65,tgiuron2x@tripadvisor.com,Jordan,,red,pending,3/18/2022
107,Theresita,Cowlishaw,42,tcowlishaw2y@miitbeian.gov.cn,United States,46202,red,inactive,11/7/2020
108,Carmine,Hubback,53,chubback2z@mac.com,Palestinian Territory,,green,active,3/5/2022
109,Tawsha,Laurentin,46,tlaurentin30@freewebs.com,Peru,,red,active,3/2/2022
110,Willy,Whales,36,wwhales31@pinterest.com,China,,red,active,9/9/2020
111,Nancy,Kupis,59,nkupis32@people.com.cn,China,,blue,pending,5/16/2022
112,Bruce,Housaman,30,bhousaman33@altervista.org,South Korea,,green,inactive,8/12/2022
113,Hurlee,Brimley,54,hbrimley34@europa.eu,China,,green,active,11/16/2020
114,Burg,Portt,75,bportt35@mapy.cz,Brazil,35200-000,green,active,6/8/2022
115,Naoma,Cordery,65,ncordery36@jalbum.net,China,,red,active,2/17/2022
116,Con,Cleveland,80,ccleveland37@fotki.com,France,17314 CEDEX,green,active,1/9/2022
117,Tabbie,Grealy,69,tgrealy38@wp.com,United States,22212,green,pending,2/1/2022
118,Brana,Kaley,49,bkaley39@amazonaws.com,Indonesia,,blue,pending,6/27/2022
119,Janela,Grunson,84,jgrunson3a@craigslist.org,Serbia,,red,active,12/17/2022
120,Doralyn,Pead,31,dpead3b@jigsy.com,Russia,174214,red,inactive,4/11/2020
121,Lionel,Symers,51,lsymers3c@goodreads.com,Finland,39310,blue,inactive,4/30/2020
122,Carola,Painswick,42,cpainswick3d@webs.com,France,67704 CEDEX,blue,pending,12/1/2022
123,Masha,Greystock,78,mgreystock3e@newyorker.com,Sweden,791 26,red,pending,7/21/2022
124,Boniface,Bubb,48,bbubb3f@linkedin.com,Greece,,green,active,8/17/2021
125,Kamila,Brabben,78,kbrabben3g@flavors.me,Philippines,2016,red,pending,6/19/2020
126,Theadora,Barthrop,62,tbarthrop3h@archive.org,China,,blue,inactive,12/16/2021
127,Maxie,Craze,69,mcraze3i@berkeley.edu,Tanzania,,green,pending,7/1/2021
128,Christye,Adshad,64,cadshad3j@wix.com,Portugal,4615-310,green,inactive,1/1/2020
129,Rosalyn,Franschini,49,rfranschini3k@odnoklassniki.ru,United States,20409,blue,pending,11/6/2021
130,Ethe,Gehring,44,egehring3l@hp.com,Brazil,25500-000,blue,active,8/4/2022
131,Lorrie,Sybe,50,lsybe3m@walmart.com,Serbia,,green,pending,5/10/2020
132,Sari,Tibb,47,stibb3n@smh.com.au,Finland,49901,red,active,11/6/2022
133,Chilton,Carwithen,20,ccarwithen3o@shop-pro.jp,China,,green,active,7/28/2022
134,Vasilis,MacQuaker,57,vmacquaker3p@tinyurl.com,France,74041 CEDEX,green,pending,1/11/2020
135,Chick,Gouda,41,cgouda3q@tmall.com,Poland,87-321,blue,inactive,9/6/2020
136,Pooh,Karczinski,55,pkarczinski3r@reverbnation.com,South Africa,7210,blue,active,10/6/2022
137,Bennett,Moncrieffe,23,bmoncrieffe3s@cmu.edu,Nigeria,,blue,inactive,3/13/2020
138,Sue,Cossam,26,scossam3t@mozilla.org,Chile,,red,active,9/28/2022
139,Doyle,Rawcliffe,21,drawcliffe3u@harvard.edu,South Korea,,red,active,1/24/2020
140,Nobie,Stolz,67,nstolz3v@weibo.com,Indonesia,,green,pending,4/12/2020
141,Nancy,Cranmore,79,ncranmore3w@tinyurl.com,Slovenia,3210,red,pending,1/13/2020
142,Millicent,Duddell,41,mduddell3x@wikimedia.org,Indonesia,,green,active,4/5/2021
143,May,Lathan,62,mlathan3y@whitehouse.gov,Finland,32441,blue,active,5/18/2022
144,Robin,Menicomb,38,rmenicomb3z@youku.com,Portugal,4890-055,red,inactive,6/11/2022
145,Roberto,Tuttle,34,rtuttle40@google.nl,Philippines,1750,red,inactive,11/28/2020
146,Jarrad,Pierpoint,39,jpierpoint41@time.com,Togo,,red,pending,10/4/2022
147,Emmy,Libreros,25,elibreros42@wikimedia.org,Russia,184256,blue,inactive,2/18/2022
148,Devin,Boncoeur,19,dboncoeur43@reddit.com,Indonesia,,red,pending,10/4/2022
149,Tomasina,Rosbrough,64,trosbrough44@wikispaces.com,China,,blue,active,3/24/2020
150,Emmaline,Biggerdike,35,ebiggerdike45@nasa.gov,Indonesia,,red,inactive,5/26/2020
151,Arlette,Fort,18,afort46@ft.com,Armenia,,blue,pending,5/12/2021
152,Thurston,Vedekhin,62,tvedekhin47@hao123.com,Japan,904-0401,green,inactive,8/5/2022
153,Jody,Symmers,80,jsymmers48@discovery.com,Russia,353530,blue,pending,12/13/2020
154,Juliet,Gianneschi,69,jgianneschi49@mayoclinic.com,United States,89193,green,active,6/7/2020
155,Raddie,Kryzhov,21,rkryzhov4a@google.es,Indonesia,,red,active,5/31/2021
156,Krystalle,Sleney,61,ksleney4b@topsy.com,Tunisia,,blue,active,3/17/2022
157,Ingram,Blyth,28,iblyth4c@facebook.com,China,,blue,inactive,1/4/2021
158,Gloriana,Perham,62,gperham4d@bing.com,Sweden,135 40,blue,active,7/18/2022
159,Ferdinanda,Gland,46,fgland4e@dropbox.com,China,,blue,pending,4/23/2020
160,Rosita,Aberchirder,79,raberchirder4f@aol.com,Philippines,6017,red,active,10/19/2021
161,Eal,Houlston,28,ehoulston4g@comcast.net,Indonesia,,green,inactive,1/23/2022
162,Elysha,Baldelli,51,ebaldelli4h@opensource.org,Indonesia,,blue,inactive,6/21/2021
163,Lilian,Wanden,81,lwanden4i@gravatar.com,Zambia,,blue,active,3/3/2021
164,Berna,McCarrison,58,bmccarrison4j@ow.ly,Belarus,,green,inactive,2/21/2022
165,Frankie,Izac,71,fizac4k@who.int,Colombia,056057,blue,inactive,11/19/2021
166,Reinaldos,Scoyles,51,rscoyles4l@prweb.com,Peru,,red,active,6/28/2020
167,Jacklin,MacInherney,30,jmacinherney4m@china.com.cn,Azerbaijan,,red,pending,11/27/2022
168,Leilah,Storek,20,lstorek4n@google.ru,Iraq,,red,pending,9/10/2021
169,Clementius,Dawber,75,cdawber4o@auda.org.au,Australia,1391,blue,inactive,5/2/2020
170,Orelle,Semeniuk,51,osemeniuk4p@tinyurl.com,China,,blue,active,2/19/2022
171,Colby,Aucourte,72,caucourte4q@wikia.com,Brazil,29930-000,red,inactive,11/27/2021
172,Ginny,Gynn,77,ggynn4r@pen.io,France,01129 CEDEX,red,pending,12/6/2022
173,Sonny,Babalola,80,sbabalola4s@stanford.edu,Syria,,green,inactive,9/22/2022
174,Paxton,Seers,28,pseers4t@ustream.tv,Greece,,green,inactive,7/18/2021
175,Ashien,Vanlint,62,avanlint4u@plala.or.jp,Serbia,,green,active,1/9/2020
176,Ashely,Nuton,69,anuton4v@twitpic.com,Botswana,,green,inactive,2/12/2022
177,Rheba,Vasenin,44,rvasenin4w@jugem.jp,China,,green,pending,3/22/2021
178,Saunderson,Enderwick,76,senderwick4x@ow.ly,Sweden,984 28,green,active,6/14/2020
179,Cyndy,Stopforth,48,cstopforth4y@cdbaby.com,Russia,623850,blue,pending,7/6/2022
180,Lucas,Eriksson,85,leriksson4z@constantcontact.com,China,,blue,inactive,4/4/2021
181,Rudd,Vobes,35,rvobes50@delicious.com,Russia,356407,red,pending,4/7/2020
182,Florian,Semered,49,fsemered51@npr.org,Portugal,4410-013,red,inactive,6/21/2021
183,Josepha,Beaty,29,jbeaty52@wired.com,Uganda,,blue,inactive,1/8/2020
184,Gorden,Hartzog,85,ghartzog53@wufoo.com,China,,green,pending,1/19/2020
185,Shea,Piris,44,spiris54@latimes.com,Portugal,2670-755,blue,inactive,12/6/2022
186,Brewer,Shoebridge,52,bshoebridge55@pen.io,Portugal,9700-602,red,inactive,4/23/2022
187,Hastings,Braithwait,36,hbraithwait56@ftc.gov,Comoros,,green,inactive,7/6/2021
188,Darsie,Hartup,49,dhartup57@sciencedaily.com,Japan,228-0027,blue,pending,1/31/2022
189,Kurtis,Itschakov,37,kitschakov58@cargocollective.com,Indonesia,,red,inactive,5/14/2020
190,Jaquelyn,McGarry,85,jmcgarry59@nih.gov,Japan,895-2635,green,pending,4/18/2020
191,Elyssa,Marton,66,emarton5a@dedecms.com,China,,red,active,2/5/2022
192,Bailey,Twidle,47,btwidle5b@issuu.com,Botswana,,red,pending,11/8/2020
193,Lyndy,Marshalleck,43,lmarshalleck5c@pinterest.com,China,,red,pending,3/20/2022
194,Rolando,Pridgeon,65,rpridgeon5d@bloomberg.com,United States,49560,blue,active,10/31/2021
195,Angelina,Denne,45,adenne5e@devhub.com,Mongolia,,red,inactive,6/22/2020
196,Barbe,Spenceley,50,bspenceley5f@photobucket.com,Greece,,green,inactive,3/8/2022
197,Rivalee,Daugherty,52,rdaugherty5g@nbcnews.com,Indonesia,,green,active,3/19/2022
198,Ruby,Woodyatt,83,rwoodyatt5h@eventbrite.com,Netherlands,4874,blue,pending,11/18/2021
199,Roanna,Joinson,36,rjoinson5i@bing.com,Russia,143818,red,pending,7/9/2022
200,Agnella,Piner,18,apiner5j@myspace.com,Slovenia,3600,green,active,1/4/2022
201,Shari,Cale,46,scale5k@slate.com,Brazil,69670-000,blue,active,8/6/2020
202,Lowe,Liley,27,lliley5l@altervista.org,Netherlands,1004,green,pending,3/29/2022
203,Terese,Gomersal,28,tgomersal5m@china.com.cn,Sweden,632 32,red,active,4/24/2021
204,Niccolo,Gatchel,85,ngatchel5n@nsw.gov.au,Nigeria,,red,inactive,12/18/2021
205,Oran,Rockwell,19,orockwell5o@google.ca,Indonesia,,red,pending,10/21/2022
206,Riobard,Nodin,47,rnodin5p@washington.edu,Tanzania,,green,inactive,11/18/2021
207,Tremaine,Holtaway,38,tholtaway5q@icio.us,Luxembourg,L-7274,blue,active,8/7/2020
208,Danica,Kenson,74,dkenson5r@craigslist.org,Indonesia,,green,active,9/3/2022
209,Robbin,Rhubottom,48,rrhubottom5s@skype.com,Indonesia,,blue,active,1/9/2020
210,Jarid,Shavel,85,jshavel5t@wunderground.com,Kazakhstan,,green,inactive,11/14/2020
211,Rosella,Skelhorn,85,rskelhorn5u@google.nl,South Korea,,green,inactive,11/20/2021
212,Lianna,O'Callaghan,83,locallaghan5v@plala.or.jp,Norway,5518,blue,inactive,6/18/2020
213,Lanni,Boyle,67,lboyle5w@ucsd.edu,Guatemala,11006,green,active,12/17/2021
214,Ignaz,Brodest,78,ibrodest5x@accuweather.com,Greece,,blue,active,4/23/2022
215,Edouard,Beed,33,ebeed5y@hexun.com,China,,green,pending,11/27/2021
216,Fidela,Enrdigo,56,fenrdigo5z@globo.com,Indonesia,,blue,pending,8/17/2020
217,Vince,Swinford,85,vswinford60@creativecommons.org,Somalia,,green,pending,8/22/2020
218,Laryssa,Standish,78,lstandish61@aol.com,Vietnam,,green,pending,7/6/2022
219,Raul,Druery,21,rdruery62@nature.com,Indonesia,,green,inactive,4/19/2020
220,Iseabal,Maddy,26,imaddy63@nbcnews.com,China,,blue,pending,1/13/2020
221,Merline,Calf,58,mcalf64@mysql.com,Japan,399-0746,blue,inactive,1/1/2021
222,Knox,Robertelli,20,krobertelli65@usnews.com,Brazil,39510-000,green,inactive,5/16/2021
223,Inger,Duggan,24,iduggan66@ed.gov,Peru,,green,active,4/9/2021
224,Jethro,Drogan,20,jdrogan67@economist.com,Bosnia and Herzegovina,,blue,pending,2/15/2021
225,Jaquenette,Shewsmith,75,jshewsmith68@cargocollective.com,Vietnam,,blue,active,9/6/2021
226,Brendis,Joffe,28,bjoffe69@ycombinator.com,Poland,33-321,red,active,12/23/2020
227,Arther,Godthaab,55,agodthaab6a@scribd.com,Colombia,761548,green,pending,12/12/2021
228,Domingo,Yokelman,63,dyokelman6b@apache.org,Colombia,270009,green,pending,11/6/2022
229,Rossie,Rielly,84,rrielly6c@cyberchimps.com,Cambodia,,blue,active,3/3/2021
230,Adey,Davson,75,adavson6d@rediff.com,Brazil,35930-000,green,inactive,6/9/2022
231,Hobard,Cleatherow,73,hcleatherow6e@boston.com,Saudi Arabia,,red,active,7/30/2022
232,Sutherlan,Brou,56,sbrou6f@howstuffworks.com,Thailand,40320,red,inactive,11/17/2020
233,Judd,Fine,20,jfine6g@mediafire.com,Poland,59-501,green,pending,12/15/2020
234,Kristal,Legges,67,klegges6h@alibaba.com,United States,11254,blue,active,12/23/2021
235,Gratiana,Pimerick,31,gpimerick6i@paginegialle.it,Brazil,49000-000,red,pending,8/19/2020
236,Devland,Rowsel,38,drowsel6j@goodreads.com,Japan,969-7208,blue,active,8/30/2020
237,Hollis,Skryne,52,hskryne6k@theatlantic.com,Brazil,12940-000,green,pending,9/6/2020
238,Ollie,Wilfinger,47,owilfinger6l@columbia.edu,Indonesia,,green,pending,12/8/2022
239,Stanton,Candelin,62,scandelin6m@posterous.com,China,,green,pending,2/26/2022
240,Ivie,Jelk,48,ijelk6n@lycos.com,China,,green,pending,7/12/2020
241,Arabel,O' Culligan,61,aoculligan6o@mtv.com,Slovenia,4274,red,inactive,5/27/2021
242,Hollyanne,Crasford,53,hcrasford6p@weibo.com,Slovenia,4207,green,inactive,7/23/2020
243,Filippa,Hartgill,52,fhartgill6q@360.cn,Russia,668134,blue,inactive,12/20/2022
244,Darrelle,Kirley,81,dkirley6r@uol.com.br,Argentina,4518,red,inactive,5/5/2022
245,Melany,Dorset,70,mdorset6s@ycombinator.com,North Korea,,green,pending,10/7/2020
246,Adelind,Amberg,43,aamberg6t@wunderground.com,China,,blue,inactive,7/13/2020
247,Felipe,Bonner,24,fbonner6u@nytimes.com,China,,green,inactive,6/26/2020
248,Leanora,Yitshak,49,lyitshak6v@sourceforge.net,Republic of the Congo,,green,pending,6/1/2021
249,Mallory,Windous,81,mwindous6w@sakura.ne.jp,Botswana,,blue,inactive,11/3/2021
250,Sherilyn,Randell,55,srandell6x@oracle.com,Indonesia,,blue,inactive,10/20/2022
251,Burk,Atcherley,63,batcherley6y@naver.com,Indonesia,,green,pending,6/13/2020
252,Lazaro,Saltman,68,lsaltman6z@miibeian.gov.cn,Brazil,88500-000,red,pending,6/10/2020
253,Malorie,Adanet,49,madanet70@unblog.fr,Ukraine,,red,inactive,3/6/2021
254,Hartwell,Pillans,67,hpillans71@jiathis.com,Jordan,,green,active,7/19/2020
255,Luce,O'Farris,81,lofarris72@nbcnews.com,East Timor,,blue,inactive,10/31/2021
256,Yetty,Rockliffe,66,yrockliffe73@nature.com,Malawi,,red,inactive,7/21/2022
257,Cedric,Shirrell,32,cshirrell74@scientificamerican.com,Mexico,88290,green,active,5/2/2020
258,Sorcha,Duckinfield,39,sduckinfield75@bloomberg.com,France,95046 CEDEX 1,blue,inactive,1/29/2022
259,Rosalind,Algore,45,ralgore76@virginia.edu,Malaysia,53100,green,pending,8/15/2021
260,Courtney,Braidman,50,cbraidman77@hubpages.com,Indonesia,,blue,inactive,4/14/2022
261,Jeane,Gilchrest,69,jgilchrest78@narod.ru,Poland,07-205,blue,pending,7/15/2020
262,Kelvin,Barsam,28,kbarsam79@ox.ac.uk,Philippines,5001,red,pending,3/17/2022
263,Humberto,Chaffyn,81,hchaffyn7a@intel.com,Kazakhstan,,blue,inactive,7/17/2022
264,Max,Jacke,72,mjacke7b@si.edu,Thailand,84180,red,inactive,5/2/2021
265,Danya,Pedler,32,dpedler7c@cnn.com,China,,red,active,1/16/2020
266,Rossy,Schonfelder,34,rschonfelder7d@nsw.gov.au,Norway,7026,blue,active,6/20/2022
267,Bambie,Twohig,48,btwohig7e@sohu.com,China,,blue,active,12/28/2022
268,Sherwynd,Bier,64,sbier7f@sitemeter.com,Slovenia,1241,blue,active,3/24/2020
269,Allyn,Biasi,52,abiasi7g@wp.com,Russia,243302,red,active,6/26/2020
270,Kitti,Palethorpe,84,kpalethorpe7h@hatena.ne.jp,Argentina,8180,blue,active,4/11/2020
271,Prue,Fryman,58,pfryman7i@house.gov,China,,green,pending,3/17/2021
272,Ryon,Ambrogetti,73,rambrogetti7j@icq.com,Canada,V5M,green,active,8/26/2020
273,Harman,Rosenauer,34,hrosenauer7k@mail.ru,Bangladesh,3807,blue,inactive,3/10/2020
274,Archambault,Dillway,64,adillway7l@reddit.com,Sudan,,green,pending,1/24/2020
275,Arda,Stallebrass,53,astallebrass7m@ifeng.com,Honduras,,blue,active,10/4/2022
276,Tessa,Spellsworth,66,tspellsworth7n@noaa.gov,Tunisia,,blue,pending,6/13/2020
277,Faunie,Grono,30,fgrono7o@cdc.gov,Portugal,4770-014,red,pending,8/5/2022
278,Gretta,Sipson,63,gsipson7p@aboutads.info,Greece,,red,active,11/30/2022
279,Saidee,Sinkinson,54,ssinkinson7q@ezinearticles.com,Ivory Coast,,blue,pending,12/31/2020
280,Marcela,Zipsell,25,mzipsell7r@tmall.com,Indonesia,,green,inactive,3/12/2020
281,Blondie,Lansdale,18,blansdale7s@cloudflare.com,Philippines,0800,red,inactive,11/2/2020
282,Abra,Roseaman,61,aroseaman7t@hexun.com,Yemen,,red,pending,5/1/2021
283,Hallsy,Pember,23,hpember7u@google.es,Argentina,3374,red,pending,10/19/2021
284,Lavena,Dombrell,20,ldombrell7v@flavors.me,Solomon Islands,,blue,pending,5/15/2020
285,Barnard,Bogey,81,bbogey7w@nydailynews.com,Philippines,9005,blue,pending,10/24/2021
286,Kizzie,Ansty,71,kansty7x@phpbb.com,Philippines,6008,green,inactive,1/13/2020
287,Sondra,Reckhouse,30,sreckhouse7y@ted.com,Philippines,1150,blue,pending,5/15/2022
288,Peyton,Imore,52,pimore7z@youtube.com,Greece,,green,pending,10/10/2021
289,Nil,Grundwater,69,ngrundwater80@msn.com,Indonesia,,red,active,10/21/2020
290,Marietta,Bathowe,64,mbathowe81@rambler.ru,Brazil,11000-000,blue,active,10/11/2020
291,Lanni,Mc Gee,51,lmcgee82@reddit.com,Japan,692-0212,green,inactive,1/22/2022
292,Caitlin,Dinse,46,cdinse83@blinklist.com,China,,green,inactive,2/9/2020
293,Addison,Becken,30,abecken84@discuz.net,France,06116 CEDEX,blue,inactive,3/6/2022
294,Monica,Matignon,60,mmatignon85@abc.net.au,China,,green,inactive,10/17/2022
295,Sofie,Ganning,71,sganning86@rambler.ru,China,,red,pending,2/28/2020
296,Debby,Fogg,52,dfogg87@guardian.co.uk,Indonesia,,red,inactive,5/14/2020
297,Heinrik,Syratt,23,hsyratt88@netvibes.com,China,,blue,active,1/6/2020
298,Almira,O' Reagan,50,aoreagan89@dailymotion.com,Indonesia,,red,active,5/26/2021
299,Nils,Hibling,20,nhibling8a@alexa.com,Argentina,9011,red,inactive,5/14/2021
300,Tim,Lampaert,47,tlampaert8b@newyorker.com,Russia,216420,red,pending,7/21/2021
301,Harriett,McPhail,63,hmcphail8c@ox.ac.uk,Ghana,,blue,inactive,1/17/2021
302,Malvin,Broadey,53,mbroadey8d@ning.com,China,,green,active,1/23/2020
303,Joletta,Manders,51,jmanders8e@springer.com,El Salvador,,green,active,5/6/2021
304,Midge,Rosborough,40,mrosborough8f@wordpress.org,France,77214 CEDEX,red,inactive,6/25/2022
305,Janka,Campe,66,jcampe8g@parallels.com,Indonesia,,blue,inactive,5/14/2020
306,Raina,Valencia,19,rvalencia8h@skype.com,Japan,612-8447,blue,pending,10/25/2021
307,Blinnie,Fendlow,39,bfendlow8i@irs.gov,Poland,12-230,blue,inactive,4/22/2022
308,Isacco,Simkiss,57,isimkiss8j@mail.ru,China,,red,inactive,1/20/2021
309,Raphael,Sleite,78,rsleite8k@amazon.co.jp,Brazil,45860-000,red,inactive,5/22/2020
310,Shannen,Dallin,82,sdallin8l@reuters.com,South Korea,,red,active,9/29/2022
311,Rodrick,Cuolahan,39,rcuolahan8m@tripod.com,Japan,889-3151,green,active,11/15/2020
312,Jay,Drinkall,79,jdrinkall8n@craigslist.org,Canada,T1C,red,pending,11/16/2020
313,Julietta,Scapens,80,jscapens8o@princeton.edu,Thailand,45250,blue,active,5/29/2021
314,Reed,Tapscott,29,rtapscott8p@discuz.net,China,,green,active,5/18/2020
315,Godwin,Goodluck,44,ggoodluck8q@seesaa.net,China,,blue,inactive,9/9/2022
316,Fabio,Guyonnet,78,fguyonnet8r@wikia.com,Indonesia,,blue,pending,8/25/2021
317,Tarah,Sachno,50,tsachno8s@mac.com,Albania,,blue,active,12/29/2021
318,Tadd,Cutill,47,tcutill8t@adobe.com,Mexico,51462,green,pending,3/22/2022
319,Bertina,Aiskovitch,82,baiskovitch8u@dell.com,China,,green,pending,5/23/2022
320,Prissie,Laviss,27,plaviss8v@bigcartel.com,Brazil,69435-000,red,pending,6/12/2022
321,Terese,Krystek,39,tkrystek8w@imgur.com,Sierra Leone,,green,pending,10/24/2022
322,Bax,Grinyer,60,bgrinyer8x@bravesites.com,Iraq,,red,active,6/19/2020
323,Benedicta,Samuels,67,bsamuels8y@last.fm,China,,red,active,3/8/2022
324,Urban,Pietzker,21,upietzker8z@oracle.com,Colombia,251227,green,active,11/1/2021
325,Tasha,Gatecliffe,50,tgatecliffe90@phpbb.com,Brazil,86430-000,blue,pending,9/4/2022
326,Zondra,Roarty,79,zroarty91@miitbeian.gov.cn,Russia,433303,blue,inactive,2/13/2022
327,Hilton,Redit,43,hredit92@nhs.uk,Indonesia,,green,active,1/8/2022
328,Edith,Fonzo,38,efonzo93@npr.org,Indonesia,,green,pending,7/29/2021
329,Ruggiero,Brouard,35,rbrouard94@sohu.com,Argentina,5829,blue,pending,9/15/2021
330,Frasco,Besse,22,fbesse95@amazon.co.jp,Canada,L8P,red,active,10/6/2021
331,Georgina,Crain,68,gcrain96@yolasite.com,Belarus,,green,active,12/26/2020
332,Kamila,Shorte,66,kshorte97@typepad.com,Brazil,28900-000,red,active,12/17/2022
333,Edwina,Cisco,79,ecisco98@arstechnica.com,Czech Republic,717 00,red,inactive,6/10/2021
334,Ebba,Salthouse,73,esalthouse99@sitemeter.com,China,,green,active,2/13/2020
335,Tasha,Patel,84,tpatel9a@marriott.com,France,56004 CEDEX,green,pending,3/30/2021
336,Marcelline,Penkman,77,mpenkman9b@eepurl.com,Bosnia and Herzegovina,,blue,inactive,12/4/2022
337,Crista,Shalloe,73,cshalloe9c@abc.net.au,Nigeria,,green,active,2/17/2022
338,Zorah,Capron,58,zcapron9d@wordpress.com,Ireland,W91,blue,pending,2/22/2021
339,Brena,Jenkison,38,bjenkison9e@geocities.com,China,,red,inactive,8/20/2021
340,Brynna,Harflete,82,bharflete9f@icq.com,China,,green,active,11/12/2022
341,Laurianne,Forrest,32,lforrest9g@yahoo.co.jp,China,,red,pending,7/10/2022
342,Meaghan,Yeaman,68,myeaman9h@tripadvisor.com,Armenia,,red,inactive,9/8/2021
343,Elly,Prettjohn,28,eprettjohn9i@cargocollective.com,Denmark,1853,red,active,10/17/2021
344,Selie,Napleton,69,snapleton9j@so-net.ne.jp,China,,red,inactive,5/26/2022
345,Raquela,McKeaney,46,rmckeaney9k@google.com.br,United States,44485,green,inactive,3/14/2022
346,Noni,Loxly,55,nloxly9l@loc.gov,Seychelles,,red,inactive,1/8/2021
347,Gabbie,Parkhouse,68,gparkhouse9m@phoca.cz,Russia,673020,red,inactive,8/16/2020
348,Andrea,Ganley,18,aganley9n@behance.net,China,,red,active,9/24/2020
349,Davey,Fraczkiewicz,21,dfraczkiewicz9o@symantec.com,Finland,31901,green,inactive,7/29/2022
350,Wit,Samett,37,wsamett9p@macromedia.com,Poland,98-235,green,inactive,9/8/2021
351,Aleksandr,Antonietti,57,aantonietti9q@skyrock.com,Nicaragua,,green,active,2/2/2020
352,Arlee,Bovis,75,abovis9r@liveinternet.ru,Cuba,,blue,inactive,8/29/2021
353,Cesya,Edlyne,69,cedlyne9s@dedecms.com,Kazakhstan,,green,active,8/23/2020
354,Franni,Andreopolos,43,fandreopolos9t@myspace.com,Ghana,,green,pending,2/15/2020
355,Fonsie,Beggini,69,fbeggini9u@guardian.co.uk,Czech Republic,793 05,red,inactive,8/3/2022
356,Kendrick,Weathey,42,kweathey9v@ucla.edu,Japan,373-0862,blue,pending,5/6/2020
357,Clarke,Poulglais,24,cpoulglais9w@gizmodo.com,Czech Republic,592 31,blue,pending,1/26/2022
358,Cheston,Guyonneau,34,cguyonneau9x@intel.com,Dominican Republic,11005,green,inactive,12/18/2022
359,Ketty,Mellem,55,kmellem9y@umich.edu,Sweden,685 24,blue,inactive,10/29/2021
360,Elysee,Domoney,48,edomoney9z@bluehost.com,China,,red,active,9/5/2021
361,Gregorio,Gail,49,ggaila0@wordpress.org,Nigeria,,green,inactive,6/22/2021
362,Lemuel,Trenoweth,25,ltrenowetha1@bing.com,Nigeria,,green,active,10/14/2022
363,Esra,Beining,80,ebeininga2@ehow.com,Argentina,5101,blue,pending,12/6/2020
364,Connor,Alans,18,calansa3@ocn.ne.jp,Portugal,2950-691,green,active,3/14/2020
365,Karon,Fishenden,38,kfishendena4@taobao.com,Dominican Republic,10405,green,pending,10/23/2020
366,Domenico,Berrow,24,dberrowa5@vinaora.com,China,,blue,inactive,12/5/2021
367,Rodi,Starrs,70,rstarrsa6@mapquest.com,China,,blue,active,6/19/2020
368,Jenda,Cancutt,85,jcancutta7@a8.net,Palestinian Territory,,blue,active,6/17/2021
369,Genvieve,Stealy,42,gstealya8@woothemes.com,Finland,51601,red,active,9/10/2021
370,Glyn,Hexum,76,ghexuma9@businessinsider.com,China,,blue,pending,5/6/2022
371,Simone,Lendrem,60,slendremaa@vimeo.com,Belarus,,red,inactive,12/10/2021
372,Lindon,Millsom,23,lmillsomab@europa.eu,France,92019 CEDEX,red,pending,12/13/2022
373,Adorne,Pearse,44,apearseac@usnews.com,Spain,28055,green,active,10/16/2020
374,Rosemonde,Alexandersson,58,ralexanderssonad@hp.com,Ukraine,,green,active,9/1/2020
375,Jocelin,Sycamore,43,jsycamoreae@stanford.edu,Argentina,8333,blue,pending,6/24/2022
376,Ada,Gashion,57,agashionaf@reverbnation.com,Thailand,14140,red,pending,4/20/2020
377,Wood,Weldrake,19,wweldrakeag@phpbb.com,China,,red,pending,12/25/2021
378,Jacintha,Keysel,35,jkeyselah@desdev.cn,Ukraine,,red,active,7/16/2020
379,Branden,Bartolini,78,bbartoliniai@senate.gov,Portugal,6370-105,blue,inactive,11/8/2021
380,Trina,Minister,35,tministeraj@cloudflare.com,China,,green,inactive,10/15/2022
381,Eimile,Griffoen,38,egriffoenak@multiply.com,Sweden,425 33,blue,pending,6/2/2021
382,Emmanuel,Angrove,56,eangroveal@washington.edu,France,77529 CEDEX,green,active,7/21/2020
383,Ingaborg,Minchinton,43,iminchintonam@com.com,Indonesia,,blue,pending,11/7/2022
384,Joanie,Munby,43,jmunbyan@zimbio.com,China,,green,inactive,5/1/2020
385,Sorcha,Magister,65,smagisterao@home.pl,Sweden,701 81,green,inactive,3/23/2022
386,Any,Itzkovici,45,aitzkoviciap@ameblo.jp,Indonesia,,red,inactive,1/21/2021
387,Mahmud,Basnett,36,mbasnettaq@miitbeian.gov.cn,Ukraine,,green,pending,12/2/2022
388,Kellyann,Wisniewski,68,kwisniewskiar@nymag.com,Russia,676859,blue,active,6/26/2022
389,Jaquith,Francesc,64,jfrancescas@hud.gov,Sweden,372 34,green,pending,3/6/2021
390,Zachary,Ossulton,33,zossultonat@surveymonkey.com,South Africa,1497,green,inactive,2/6/2020
391,Robin,Tiley,61,rtileyau@pcworld.com,Philippines,5509,green,inactive,3/17/2022
392,Ardyth,Butchers,23,abutchersav@irs.gov,Russia,303158,red,active,7/1/2020
393,Neila,Blunn,37,nblunnaw@techcrunch.com,China,,red,pending,9/18/2021
394,Giffard,Bugs,63,gbugsax@theglobeandmail.com,Argentina,4417,blue,active,12/3/2022
395,Maddie,Cluse,18,mcluseay@webeden.co.uk,Sweden,566 24,blue,inactive,5/31/2022
396,Humfried,Georgius,36,hgeorgiusaz@list-manage.com,Albania,,blue,inactive,4/6/2022
397,Shoshana,Aukland,59,sauklandb0@weibo.com,China,,green,inactive,2/3/2021
398,Ajay,Keets,52,akeetsb1@sakura.ne.jp,Indonesia,,blue,inactive,6/9/2020
399,Fawnia,Klimkin,28,fklimkinb2@stanford.edu,China,,red,active,11/23/2022
400,Henry,Levensky,55,hlevenskyb3@shareasale.com,Indonesia,,red,pending,7/25/2021
401,Jeralee,Circuit,30,jcircuitb4@meetup.com,Nigeria,,red,active,11/29/2022
402,Brannon,Bernaciak,79,bbernaciakb5@mysql.com,Philippines,6711,green,pending,7/15/2021
403,Rubie,Farbrace,64,rfarbraceb6@edublogs.org,Indonesia,,red,active,12/5/2020
404,Bernie,Dyka,78,bdykab7@narod.ru,Netherlands,7814,blue,active,11/4/2022
405,Evangelin,Dalbey,70,edalbeyb8@blinklist.com,Myanmar,,red,pending,9/25/2021
406,Winnah,Tebb,69,wtebbb9@seesaa.net,Russia,188680,red,inactive,2/13/2021
407,Brinna,Strike,75,bstrikeba@bravesites.com,Ivory Coast,,blue,active,3/16/2020
408,Adelheid,Doberer,69,adobererbb@abc.net.au,Armenia,,green,active,11/20/2020
409,Alecia,Kelloch,84,akellochbc@bigcartel.com,Greece,,blue,inactive,3/7/2021
410,Pamella,Swancock,48,pswancockbd@newsvine.com,Czech Republic,687 71,blue,active,7/17/2020
411,Keelby,Ellershaw,24,kellershawbe@gov.uk,Philippines,4104,green,pending,10/21/2021
412,Husain,Jaan,19,hjaanbf@xing.com,Philippines,4501,green,inactive,7/11/2022
413,Kathryn,Stembridge,20,kstembridgebg@liveinternet.ru,Japan,412-0048,red,inactive,12/19/2021
414,Dory,Runcie,25,drunciebh@free.fr,China,,green,active,10/31/2021
415,Matti,Piff,20,mpiffbi@wp.com,Indonesia,,red,pending,1/23/2021
416,Hymie,Duck,42,hduckbj@google.co.uk,Kazakhstan,,red,inactive,12/20/2021
417,Lorianne,Watkiss,81,lwatkissbk@usnews.com,China,,red,inactive,12/26/2022
418,Lindsey,MacTrusty,31,lmactrustybl@wix.com,China,,blue,active,9/19/2022
419,Nance,Allardyce,61,nallardycebm@msu.edu,Argentina,6271,green,pending,1/9/2020
420,Jeffry,Pearde,65,jpeardebn@sfgate.com,China,,red,pending,5/7/2022
421,Cahra,Spellworth,35,cspellworthbo@studiopress.com,Philippines,3903,green,pending,9/13/2021
422,Baryram,Korlat,26,bkorlatbp@newsvine.com,Portugal,4770-565,green,inactive,9/1/2021
423,Joceline,Eake,30,jeakebq@usda.gov,Peru,,red,active,1/16/2022
424,Goldy,Baccas,37,gbaccasbr@auda.org.au,Russia,427820,red,inactive,9/20/2022
425,Jany,Hassen,28,jhassenbs@hostgator.com,Indonesia,,green,inactive,2/8/2020
426,Baryram,Pettingall,21,bpettingallbt@facebook.com,Mexico,29557,green,active,1/11/2021
427,Cybil,Ellerker,28,cellerkerbu@alexa.com,Russia,188502,green,active,1/7/2020
428,Lorin,Veasey,27,lveaseybv@ftc.gov,China,,red,inactive,9/1/2021
429,Hamel,Masdon,56,hmasdonbw@ihg.com,United States,94273,red,pending,5/29/2022
430,Gregoire,Gauvain,27,ggauvainbx@4shared.com,China,,green,inactive,1/31/2020
431,Barron,Bramelt,61,bbrameltby@dedecms.com,Ukraine,,blue,active,6/29/2020
432,Cinderella,Scambler,80,cscamblerbz@google.it,Brazil,85800-000,green,active,5/15/2020
433,Benn,Elgie,29,belgiec0@slideshare.net,Sweden,933 82,red,inactive,12/29/2020
434,Drusy,Baulk,75,dbaulkc1@ed.gov,South Africa,7571,green,pending,5/11/2021
435,Jen,Derdes,20,jderdesc2@goo.ne.jp,Indonesia,,green,pending,3/31/2020
436,Caril,Berg,33,cbergc3@list-manage.com,China,,blue,active,7/31/2020
437,Rawley,Hutt,75,rhuttc4@wikipedia.org,Ukraine,,red,active,8/7/2020
438,Pia,Cobson,32,pcobsonc5@guardian.co.uk,Portugal,2645-168,red,pending,2/2/2021
439,Anatol,Cosins,31,acosinsc6@google.pl,Mexico,92125,blue,active,12/3/2021
440,Seamus,Kerslake,46,skerslakec7@uiuc.edu,Philippines,5417,blue,inactive,3/4/2022
441,Tim,Vicioso,55,tviciosoc8@jugem.jp,Indonesia,,red,inactive,10/14/2020
442,Malvina,Farbrother,47,mfarbrotherc9@gmpg.org,France,73009 CEDEX,blue,inactive,11/6/2022
443,Joela,Roocroft,59,jroocroftca@dell.com,Indonesia,,blue,inactive,1/12/2021
444,Darin,Bolan,33,dbolancb@baidu.com,Brazil,39260-000,red,pending,2/22/2020
445,Kylie,Parades,65,kparadescc@infoseek.co.jp,Cyprus,,green,inactive,12/2/2022
446,Annamaria,Borzoni,45,aborzonicd@google.it,Brazil,11680-000,blue,active,1/28/2020
447,Durant,Biesinger,46,dbiesingerce@howstuffworks.com,Argentina,3100,red,inactive,3/11/2022
448,Marlow,Poundford,79,mpoundfordcf@va.gov,France,75522 CEDEX 11,blue,pending,9/30/2021
449,Bellanca,Baddoe,61,bbaddoecg@economist.com,Sweden,178 54,green,pending,3/22/2021
450,Rudolfo,Sturdy,48,rsturdych@marriott.com,Russia,303370,red,inactive,3/23/2020
451,Carling,Bedlington,80,cbedlingtonci@prnewswire.com,China,,red,active,4/18/2022
452,Jereme,O'Deoran,24,jodeorancj@simplemachines.org,Poland,88-210,blue,active,5/27/2020
453,Marysa,Pecey,78,mpeceyck@chronoengine.com,Poland,63-640,blue,pending,8/11/2021
454,Ettore,Huskisson,62,ehuskissoncl@businessinsider.com,Colombia,527548,blue,pending,5/25/2020
455,Balduin,Anstice,42,bansticecm@hostgator.com,Sweden,672 24,green,pending,9/30/2020
456,Sonni,Tregust,52,stregustcn@virginia.edu,Serbia,,blue,inactive,5/19/2022
457,Reba,Fraczak,74,rfraczakco@cbslocal.com,China,,blue,active,10/17/2021
458,Palmer,Chatelot,69,pchatelotcp@sbwire.com,China,,blue,inactive,8/26/2021
459,Ade,Grigsby,75,agrigsbycq@webs.com,Indonesia,,blue,inactive,5/23/2022
460,Zaria,Sealey,49,zsealeycr@dell.com,Ukraine,,red,inactive,7/8/2022
461,Skylar,Higounet,40,shigounetcs@fotki.com,China,,red,active,3/15/2021
462,Patrice,Brian,81,pbrianct@xrea.com,Madagascar,,blue,pending,3/20/2021
463,Whitaker,Pettecrew,49,wpettecrewcu@ucoz.ru,Argentina,9207,red,pending,12/15/2020
464,Liane,Chester,40,lchestercv@ihg.com,China,,green,inactive,9/20/2020
465,Madelin,Peagram,24,mpeagramcw@java.com,South Africa,9400,green,active,4/2/2020
466,Hall,Regus,45,hreguscx@sakura.ne.jp,Russia,665654,green,pending,4/8/2021
467,Perry,Makin,63,pmakincy@moonfruit.com,Russia,452696,blue,active,5/31/2022
468,Dulce,Raynton,63,drayntoncz@usda.gov,Bosnia and Herzegovina,,red,pending,10/11/2021
469,Filmer,Strippling,20,fstripplingd0@smugmug.com,Philippines,4413,red,inactive,12/16/2020
470,Vassili,Guwer,69,vguwerd1@sun.com,Brazil,96500-000,blue,inactive,12/5/2020
471,Piper,Bullon,46,pbullond2@bravesites.com,Brazil,65620-000,red,inactive,1/18/2022
472,May,Lampet,31,mlampetd3@nyu.edu,Philippines,1703,blue,inactive,8/4/2020
473,Amberly,McGurgan,51,amcgurgand4@weibo.com,Nigeria,,red,inactive,3/5/2020
474,Othella,Nottingham,47,onottinghamd5@bigcartel.com,Portugal,2425-507,blue,inactive,3/24/2020
475,Corabella,Haug,21,chaugd6@google.fr,Japan,904-2145,blue,pending,3/12/2021
476,Jessy,Beynke,51,jbeynked7@fotki.com,Russia,171843,green,active,6/7/2022
477,Gabbi,McNuff,56,gmcnuffd8@github.com,United States,25362,red,active,4/24/2022
478,Sharla,Dorey,51,sdoreyd9@arstechnica.com,Russia,357859,blue,inactive,2/17/2021
479,Colby,Eberle,83,ceberleda@aol.com,Japan,305-0028,blue,active,9/20/2022
480,Bird,Leindecker,30,bleindeckerdb@geocities.jp,Sweden,761 31,blue,inactive,8/5/2021
481,Rhett,Scorer,46,rscorerdc@ca.gov,China,,green,pending,6/18/2020
482,Dedra,Rojel,81,drojeldd@businessweek.com,Greece,,red,inactive,7/18/2020
483,Sherlocke,Spurier,43,sspurierde@trellian.com,Brazil,18320-000,green,pending,5/20/2020
484,Lorianne,Goulder,73,lgoulderdf@upenn.edu,Portugal,8200-510,red,active,8/11/2021
485,Iolanthe,Jorden,42,ijordendg@techcrunch.com,Kosovo,,blue,inactive,3/31/2020
486,Kalila,Roseman,31,krosemandh@edublogs.org,France,75464 CEDEX 10,blue,active,2/19/2022
487,Halette,Sinnat,47,hsinnatdi@dot.gov,Brazil,78995-000,red,pending,8/9/2021
488,Rudolfo,Normadell,83,rnormadelldj@biglobe.ne.jp,Philippines,2419,green,inactive,5/15/2021
489,Erhart,Lergan,28,elergandk@paginegialle.it,Mexico,29970,red,active,7/9/2021
490,Wright,Scrivener,23,wscrivenerdl@jugem.jp,Sweden,511 58,blue,inactive,10/7/2021
491,Jori,Haseley,33,jhaseleydm@slideshare.net,China,,red,inactive,1/7/2020
492,Merci,Corby,63,mcorbydn@booking.com,Indonesia,,blue,active,1/16/2022
493,Sayres,Hargreave,65,shargreavedo@phoca.cz,Argentina,6305,green,active,4/20/2022
494,Hilliary,Coombes,68,hcoombesdp@abc.net.au,Zimbabwe,,blue,pending,3/15/2020
495,Chrysa,Woolbrook,46,cwoolbrookdq@over-blog.com,Finland,97580,red,pending,12/15/2021
496,Lanette,Bradneck,51,lbradneckdr@independent.co.uk,Indonesia,,green,pending,1/23/2022
497,Kass,Denziloe,56,kdenziloeds@smugmug.com,Indonesia,,green,pending,1/10/2020
498,Garrik,Shrimplin,49,gshrimplindt@amazonaws.com,China,,red,pending,11/14/2022
499,Anett,Brahams,30,abrahamsdu@storify.com,Philippines,4105,blue,active,4/10/2021
500,Wash,Kirkam,47,wkirkamdv@youtube.com,China,,blue,pending,5/8/2021
501,Iolanthe,Bootman,76,ibootmandw@paypal.com,Colombia,232517,blue,pending,3/11/2020
502,Ynes,Simcox,79,ysimcoxdx@ocn.ne.jp,China,,blue,inactive,12/28/2021
503,Chelsy,Sivell,64,csivelldy@oakley.com,Nigeria,,blue,active,12/12/2021
504,Arnie,Plumtree,64,aplumtreedz@mac.com,Indonesia,,green,active,7/19/2021
505,Faith,Brockhurst,65,fbrockhurste0@symantec.com,South Africa,9928,blue,active,1/9/2020
506,Idalia,Ickovits,24,iickovitse1@purevolume.com,Venezuela,,red,inactive,3/22/2022
507,Spencer,Shakesbye,60,sshakesbyee2@wikipedia.org,Brazil,69940-000,blue,active,2/19/2022
508,Lacee,Lavery,81,llaverye3@princeton.edu,Serbia,,blue,inactive,6/27/2022
509,Vivianna,Grigorio,50,vgrigorioe4@disqus.com,Japan,427-0001,blue,pending,7/18/2021
510,Austin,Reburn,67,areburne5@wix.com,Indonesia,,red,active,6/20/2020
511,Adoree,Buyers,42,abuyerse6@google.co.uk,Malaysia,79575,blue,active,9/3/2021
512,Adam,Twinning,44,atwinninge7@naver.com,Nigeria,,red,pending,7/13/2020
513,Kerrill,Saffrin,30,ksaffrine8@bluehost.com,China,,blue,pending,2/10/2022
514,Lara,Gandley,42,lgandleye9@blogger.com,Indonesia,,green,inactive,7/24/2022
515,Vitoria,Scamaden,32,vscamadenea@rambler.ru,Czech Republic,439 31,green,active,12/16/2020
516,Karrie,Troy,74,ktroyeb@technorati.com,Thailand,10240,green,active,10/23/2022
517,Linoel,McKinless,85,lmckinlessec@walmart.com,South Africa,1980,red,pending,7/18/2021
518,Beniamino,Bulluck,71,bbullucked@microsoft.com,Brazil,39200-000,blue,active,7/28/2022
519,Vivianna,Reynold,66,vreynoldee@macromedia.com,Thailand,52000,red,active,2/2/2020
520,Kleon,Teasdale,28,kteasdaleef@bizjournals.com,China,,red,pending,2/3/2021
521,Carry,Coldbath,36,ccoldbatheg@acquirethisname.com,China,,red,active,12/20/2022
522,Calypso,Lassell,31,classelleh@omniture.com,Serbia,,blue,inactive,6/15/2020
523,Cassie,Coppledike,20,ccoppledikeei@reddit.com,Russia,678953,red,active,3/21/2022
524,Rosalyn,Hicks,85,rhicksej@blog.com,Japan,949-1616,blue,active,11/24/2021
525,Orelie,Swindin,41,oswindinek@unicef.org,Russia,142308,blue,inactive,2/22/2021
526,Dniren,Zotto,63,dzottoel@cnn.com,China,,blue,inactive,9/24/2021
527,Krissy,Simeoli,67,ksimeoliem@mozilla.com,Peru,,green,pending,12/19/2021
528,Mason,Glanert,63,mglanerten@cafepress.com,China,,green,inactive,1/30/2021
529,Jermaine,Brager,48,jbragereo@hibu.com,Iran,,blue,active,3/1/2021
530,Tarah,Wellum,84,twellumep@godaddy.com,Bosnia and Herzegovina,,blue,inactive,12/8/2021
531,Carena,Ronchka,60,cronchkaeq@miibeian.gov.cn,Malawi,,blue,inactive,9/7/2022
532,Ginnifer,Ranvoise,37,granvoiseer@gov.uk,Pakistan,80501,green,inactive,10/12/2021
533,Ram,Bold,63,rboldes@adobe.com,Canada,H9J,green,inactive,9/9/2022
534,Teresita,Braunston,57,tbraunstonet@deliciousdays.com,Indonesia,,red,inactive,1/11/2022
535,Korrie,Fairman,81,kfairmaneu@wunderground.com,Indonesia,,blue,active,9/18/2021
536,Lea,Fenners,21,lfennersev@wsj.com,Slovenia,2360,red,pending,10/30/2022
537,Winslow,Matteau,70,wmatteauew@senate.gov,China,,blue,inactive,7/24/2021
538,Welch,Carlin,53,wcarlinex@w3.org,China,,blue,pending,6/21/2021
539,Sydney,Sprake,72,ssprakeey@photobucket.com,Philippines,1607,red,inactive,5/16/2020
540,Roosevelt,Drayson,18,rdraysonez@reference.com,China,,blue,active,10/24/2020
541,Shepherd,Joubert,19,sjoubertf0@netscape.com,China,,red,active,11/18/2021
542,Petronia,Flescher,48,pflescherf1@google.ru,Czech Republic,582 83,red,pending,7/24/2020
543,Elspeth,Hardern,55,ehardernf2@xing.com,Armenia,,blue,active,2/15/2020
544,Hetty,Follis,52,hfollisf3@studiopress.com,Colombia,541038,green,pending,11/25/2021
545,Corbett,Watkin,67,cwatkinf4@comcast.net,Oman,,green,active,2/17/2020
546,Mirabella,Norridge,56,mnorridgef5@rakuten.co.jp,China,,green,inactive,12/11/2020
547,Tiffani,Ludlom,56,tludlomf6@mit.edu,Japan,360-0016,blue,inactive,6/3/2021
548,Laurette,Beddon,21,lbeddonf7@meetup.com,Czech Republic,403 35,green,active,2/6/2021
549,Audry,Macquire,26,amacquiref8@paginegialle.it,Thailand,58110,blue,pending,4/2/2022
550,Davina,Gomery,29,dgomeryf9@techcrunch.com,Peru,,green,inactive,9/17/2021
551,Jorry,Cabedo,64,jcabedofa@disqus.com,Mexico,32600,green,inactive,1/11/2020
552,Winn,Ickovits,74,wickovitsfb@goo.gl,China,,green,active,2/16/2022
553,Haley,Gager,73,hgagerfc@yellowpages.com,Thailand,57110,blue,pending,3/27/2020
554,Karlens,Fransman,51,kfransmanfd@dropbox.com,Belarus,,red,pending,12/17/2021
555,Bartholomew,Tattam,32,btattamfe@dropbox.com,Indonesia,,green,pending,4/27/2022
556,Ruthanne,Fleisch,55,rfleischff@ebay.co.uk,China,,red,active,8/6/2020
557,Marj,Warhurst,45,mwarhurstfg@cargocollective.com,Philippines,4234,green,pending,6/16/2020
558,Fredericka,Mangan,38,fmanganfh@ning.com,Uzbekistan,,blue,pending,6/22/2020
559,Lorri,Hessle,80,lhesslefi@tinypic.com,Portugal,5155-205,blue,pending,10/15/2021
560,Tamra,Hannan,78,thannanfj@ed.gov,Brazil,84320-000,red,inactive,12/30/2020
561,Chancey,Parradine,59,cparradinefk@sourceforge.net,Philippines,8316,red,inactive,1/26/2021
562,Garnette,McCracken,30,gmccrackenfl@photobucket.com,Portugal,2525-713,red,inactive,4/22/2021
563,Quinn,Studdard,57,qstuddardfm@miitbeian.gov.cn,Ukraine,,red,active,3/16/2021
564,Jess,Attawell,29,jattawellfn@hugedomains.com,China,,blue,pending,5/8/2021
565,Loutitia,Selman,84,lselmanfo@reference.com,Bulgaria,8438,green,inactive,8/30/2021
566,Lia,Foale,20,lfoalefp@baidu.com,France,60477 CEDEX,red,inactive,5/9/2021
567,Tallie,Matthewman,33,tmatthewmanfq@jimdo.com,China,,green,active,10/18/2021
568,Roana,Clatworthy,85,rclatworthyfr@twitter.com,Russia,347014,red,active,12/18/2022
569,Misti,Wedgwood,61,mwedgwoodfs@symantec.com,Poland,99-352,green,active,9/16/2021
570,Reilly,Beet,21,rbeetft@shinystat.com,Russia,666811,red,pending,1/26/2020
571,Noel,Caddell,83,ncaddellfu@nymag.com,France,42704 CEDEX,red,pending,12/30/2020
572,Dewie,Etchells,36,detchellsfv@godaddy.com,Indonesia,,green,pending,5/15/2020
573,Beckie,Philippou,71,bphilippoufw@godaddy.com,Reunion,97824 CEDEX,red,inactive,8/1/2021
574,Theodora,FitzAlan,26,tfitzalanfx@yellowpages.com,China,,green,inactive,2/11/2021
575,Cayla,Nussgen,74,cnussgenfy@trellian.com,China,,blue,active,4/11/2021
576,Shelley,Giamitti,82,sgiamittifz@washingtonpost.com,Spain,03203,blue,active,5/26/2022
577,Margarete,Giblin,21,mgibling0@businessinsider.com,China,,red,active,2/3/2021
578,Charmine,Alflatt,75,calflattg1@blogs.com,Germany,45473,green,inactive,2/25/2020
579,Bobinette,Pescod,34,bpescodg2@bluehost.com,South Africa,5900,green,active,7/10/2020
580,Giacopo,Middleweek,45,gmiddleweekg3@earthlink.net,Indonesia,,green,inactive,11/12/2020
581,Suzy,Muffett,67,smuffettg4@hc360.com,Nigeria,,green,pending,10/19/2021
582,Cassius,Tort,44,ctortg5@ebay.com,United States,73190,green,pending,4/12/2020
583,Shayna,Chese,70,scheseg6@a8.net,Poland,64-980,red,active,10/14/2021
584,Dorene,Cufflin,69,dcuffling7@cornell.edu,Indonesia,,red,inactive,1/30/2020
585,Wynnie,Stannislawski,34,wstannislawskig8@dailymotion.com,Czech Republic,789 85,red,active,9/4/2021
586,Babb,Lakey,31,blakeyg9@google.ru,Iran,,red,inactive,8/30/2020
587,Karita,Belchamber,33,kbelchamberga@istockphoto.com,Indonesia,,red,inactive,12/5/2022
588,Cicely,Rudolph,66,crudolphgb@alexa.com,Indonesia,,green,active,9/25/2021
589,Rosalinde,Youens,69,ryouensgc@oracle.com,Ukraine,,red,pending,7/10/2022
590,Neille,Munby,73,nmunbygd@arstechnica.com,Indonesia,,red,active,8/21/2021
591,Carrol,Bugdell,25,cbugdellge@t-online.de,Indonesia,,green,active,10/28/2020
592,Arlie,Bury,21,aburygf@barnesandnoble.com,Uganda,,green,pending,8/23/2020
593,Jeniece,Alyokhin,63,jalyokhingg@house.gov,China,,red,active,1/25/2021
594,Stan,Saintpierre,76,ssaintpierregh@fastcompany.com,China,,green,inactive,10/10/2022
595,Bary,Dartnall,45,bdartnallgi@slate.com,Peru,,blue,active,8/12/2021
596,Nanine,Bakhrushin,25,nbakhrushingj@jugem.jp,Indonesia,,blue,pending,2/3/2022
597,Abba,Abrahamian,68,aabrahamiangk@arstechnica.com,China,,blue,active,9/27/2022
598,Melli,Ashtonhurst,23,mashtonhurstgl@nasa.gov,Croatia,51521,green,inactive,9/2/2021
599,Barry,McMearty,69,bmcmeartygm@bandcamp.com,Indonesia,,red,inactive,8/2/2022
600,Felipe,Divver,75,fdivvergn@google.co.uk,Albania,,green,pending,10/14/2022
601,Kenyon,Calderwood,74,kcalderwoodgo@sohu.com,Chad,,blue,pending,5/14/2022
602,Esteban,McGuiney,64,emcguineygp@woothemes.com,Poland,26-021,green,inactive,7/8/2022
603,Lorilyn,Hearon,36,lhearongq@nature.com,Bangladesh,3526,red,pending,2/1/2020
604,Adelind,Szymanzyk,52,aszymanzykgr@tamu.edu,Italy,20136,blue,inactive,4/13/2022
605,Humbert,Ashbey,64,hashbeygs@ycombinator.com,Liberia,,green,pending,12/23/2020
606,Deedee,Osmund,60,dosmundgt@elpais.com,Tunisia,,red,inactive,9/11/2021
607,Colette,Odde,54,coddegu@webs.com,Sweden,423 55,red,inactive,9/21/2021
608,Miguel,Bleby,48,mblebygv@1688.com,Ethiopia,,green,active,1/20/2022
609,Marcella,Rudolf,56,mrudolfgw@ning.com,Sweden,507 10,red,inactive,3/15/2022
610,Gunter,Jocic,66,gjocicgx@bandcamp.com,Sweden,504 31,red,active,7/1/2021
611,Dominica,McPhelimy,29,dmcphelimygy@weibo.com,New Zealand,6160,red,active,10/29/2020
612,Steffen,Breadon,37,sbreadongz@reference.com,Indonesia,,red,active,5/10/2022
613,Olva,Elmes,68,oelmesh0@wikimedia.org,Philippines,4602,red,active,1/13/2022
614,Goldarina,Pickaver,84,gpickaverh1@icq.com,Ukraine,,red,pending,9/7/2022
615,Rosemonde,Kinavan,51,rkinavanh2@cbc.ca,Sweden,116 30,blue,pending,6/2/2020
616,Zeke,Sexon,57,zsexonh3@princeton.edu,Brazil,65540-000,red,pending,7/31/2022
617,Bartel,Bruinemann,66,bbruinemannh4@woothemes.com,China,,blue,active,5/10/2020
618,Joceline,Skilbeck,84,jskilbeckh5@imdb.com,Philippines,2515,blue,pending,7/21/2022
619,Robbie,Brighty,72,rbrightyh6@wordpress.org,Indonesia,,blue,inactive,11/17/2022
620,Dominica,Stowell,23,dstowellh7@icio.us,Indonesia,,green,pending,9/2/2020
621,Fifine,Warsop,24,fwarsoph8@4shared.com,China,,green,inactive,3/13/2021
622,Wye,Winchcum,40,wwinchcumh9@goo.ne.jp,China,,red,pending,11/26/2021
623,Alexei,Harbottle,46,aharbottleha@opera.com,Russia,633375,red,active,2/23/2021
624,Cynthea,Oppery,54,copperyhb@phoca.cz,Cyprus,,red,active,11/25/2020
625,Holli,Cothey,25,hcotheyhc@mozilla.com,Philippines,4323,blue,pending,3/16/2020
626,Shea,Rubbens,21,srubbenshd@unicef.org,Portugal,1685-141,red,active,6/25/2022
627,Jacob,Pohlak,51,jpohlakhe@lycos.com,Nigeria,,blue,inactive,12/2/2021
628,Eldridge,Cooksley,25,ecooksleyhf@patch.com,Russia,630553,red,pending,11/26/2021
629,Shannan,Egalton,75,segaltonhg@liveinternet.ru,Finland,64260,blue,pending,2/2/2021
630,Lyon,Brodest,74,lbrodesthh@senate.gov,Ethiopia,,red,pending,3/10/2021
631,Sherm,Iacobacci,77,siacobaccihi@mlb.com,Argentina,5850,green,inactive,12/31/2020
632,Angelica,Thame,27,athamehj@reference.com,Czech Republic,763 02,green,pending,3/28/2020
633,Sharron,Chatel,59,schatelhk@typepad.com,Indonesia,,blue,active,12/4/2022
634,Crichton,Stiggers,81,cstiggershl@nps.gov,Serbia,,blue,inactive,10/15/2021
635,Orton,Bourdice,60,obourdicehm@instagram.com,Poland,37-111,blue,active,8/19/2021
636,Delcina,Lafflina,56,dlafflinahn@marriott.com,Philippines,2017,green,active,2/27/2022
637,Aurora,Exton,18,aextonho@epa.gov,Honduras,,green,inactive,10/1/2021
638,Nikos,Haselwood,49,nhaselwoodhp@xrea.com,Indonesia,,blue,inactive,4/6/2021
639,Orion,Reddel,32,oreddelhq@alexa.com,Iran,,green,pending,2/12/2021
640,Lawton,Clemenzi,62,lclemenzihr@liveinternet.ru,Thailand,52120,blue,pending,7/18/2021
641,Lezley,Palser,42,lpalserhs@miitbeian.gov.cn,Indonesia,,blue,active,9/19/2022
642,Stacey,Cordelle,69,scordelleht@home.pl,Indonesia,,blue,inactive,4/27/2021
643,Maribel,Lefeuvre,39,mlefeuvrehu@cargocollective.com,Poland,42-284,red,pending,4/5/2021
644,Leonie,Manthorpe,74,lmanthorpehv@nydailynews.com,Nigeria,,green,active,9/17/2020
645,Gale,Oats,31,goatshw@nps.gov,Russia,162674,blue,inactive,5/9/2022
646,Ingra,Gerrelt,31,igerrelthx@uol.com.br,Brazil,84200-000,green,inactive,11/20/2022
647,Merla,Britnell,56,mbritnellhy@photobucket.com,Colombia,763547,green,active,3/2/2020
648,Ulberto,Philippe,60,uphilippehz@pcworld.com,Indonesia,,blue,active,8/15/2022
649,Burlie,Galfour,37,bgalfouri0@live.com,Philippines,6422,green,pending,2/24/2022
650,Trudey,Danser,63,tdanseri1@fotki.com,Sweden,915 32,red,active,3/17/2021
651,Florri,Treagus,49,ftreagusi2@chicagotribune.com,Luxembourg,L-4993,red,active,6/5/2021
652,Allys,Keysel,23,akeyseli3@nih.gov,Argentina,6305,red,inactive,3/24/2022
653,Obadias,Bettley,67,obettleyi4@wisc.edu,United States,43215,green,active,7/8/2022
654,Peyter,McLenaghan,41,pmclenaghani5@jugem.jp,Argentina,8201,red,active,3/25/2020
655,Honor,Darton,38,hdartoni6@drupal.org,Mexico,54927,blue,active,9/21/2020
656,Aurea,Garrioch,49,agarriochi7@nasa.gov,United States,48258,red,pending,12/21/2020
657,Faustine,Petrescu,18,fpetrescui8@t.co,China,,blue,active,2/8/2021
658,Julie,Tringham,41,jtringhami9@biglobe.ne.jp,Indonesia,,green,active,9/2/2020
659,Neal,Somerfield,63,nsomerfieldia@ovh.net,Indonesia,,green,pending,11/9/2021
660,Tessa,Crocken,28,tcrockenib@ucoz.com,China,,red,active,8/23/2022
661,Horst,Treneer,40,htreneeric@mapy.cz,China,,blue,pending,8/12/2020
662,Hollyanne,Roblin,66,hroblinid@mediafire.com,Japan,379-2314,blue,inactive,4/27/2022
663,Bendix,Robel,30,brobelie@edublogs.org,Indonesia,,green,pending,12/7/2021
664,Park,Shorthouse,66,pshorthouseif@theglobeandmail.com,Palestinian Territory,,red,inactive,12/7/2021
665,Kimball,Kitchingman,22,kkitchingmanig@joomla.org,Brazil,28890-000,green,pending,12/31/2020
666,Neddie,Audiss,83,naudissih@skyrock.com,Tunisia,,green,inactive,8/10/2022
667,Kurtis,Lippiett,49,klippiettii@tuttocitta.it,China,,red,inactive,9/5/2022
668,Ola,Berrisford,36,oberrisfordij@freewebs.com,Ukraine,,red,inactive,1/4/2021
669,Jerrie,Penna,39,jpennaik@mapy.cz,China,,blue,pending,7/8/2021
670,Herculie,Gorhardt,66,hgorhardtil@blogspot.com,Russia,671610,red,inactive,11/24/2022
671,Raoul,Lafayette,27,rlafayetteim@google.fr,Czech Republic,533 52,blue,inactive,3/13/2022
672,Ford,Konert,59,fkonertin@discovery.com,Poland,34-103,green,pending,9/2/2020
673,Ivor,Bunnell,51,ibunnellio@bloglines.com,Colombia,056057,blue,pending,3/9/2020
674,Davon,Roxbrough,84,droxbroughip@ted.com,Japan,639-1156,red,pending,3/30/2021
675,Marsiella,Primo,35,mprimoiq@princeton.edu,Vietnam,,red,inactive,5/22/2022
676,Boniface,Meader,24,bmeaderir@cdc.gov,Portugal,5155-305,blue,pending,4/15/2020
677,Gaby,Yuryshev,33,gyuryshevis@eepurl.com,Mali,,blue,pending,11/14/2022
678,Bobbe,Forbear,42,bforbearit@reuters.com,Honduras,,green,pending,3/18/2022
679,Vaughan,Filipchikov,51,vfilipchikoviu@hp.com,China,,blue,active,10/18/2022
680,Felice,Nuttall,27,fnuttalliv@moonfruit.com,Latvia,,green,inactive,5/11/2021
681,Dusty,Stelfax,23,dstelfaxiw@discuz.net,Canada,E7M,blue,pending,12/21/2021
682,Charlena,McGill,57,cmcgillix@squidoo.com,Indonesia,,red,active,3/3/2021
683,Fiann,Ruckhard,39,fruckhardiy@dell.com,Brazil,88300-000,blue,inactive,7/27/2022
684,Eulalie,Greenin,47,egreeniniz@github.com,Indonesia,,red,active,7/18/2022
685,Rozamond,Martonfi,55,rmartonfij0@addtoany.com,Philippines,4709,red,pending,5/7/2021
686,Ashlie,Lucien,65,alucienj1@paginegialle.it,Sweden,235 93,red,active,11/21/2020
687,Shamus,Bynold,82,sbynoldj2@patch.com,Ukraine,,blue,pending,1/10/2021
688,Rosalia,Tipling,85,rtiplingj3@addtoany.com,Brazil,11730-000,red,active,10/31/2020
689,Vonnie,Stainsby,42,vstainsbyj4@reverbnation.com,Indonesia,,red,inactive,9/10/2022
690,Ernest,Bewfield,73,ebewfieldj5@springer.com,Uzbekistan,,red,pending,8/17/2021
691,Avram,Collingdon,79,acollingdonj6@elpais.com,Russia,668134,red,inactive,10/18/2021
692,Marcellina,De Carlo,68,mdecarloj7@msu.edu,Indonesia,,green,pending,11/27/2021
693,Nettie,Aggis,28,naggisj8@delicious.com,Peru,,green,inactive,9/6/2021
694,Ward,Spurgeon,78,wspurgeonj9@businesswire.com,Russia,386150,red,inactive,10/20/2021
695,Bradan,Pankhurst.,64,bpankhurstja@delicious.com,Japan,919-0201,green,inactive,6/11/2022
696,Violette,Quilkin,42,vquilkinjb@phoca.cz,United States,28205,red,active,5/1/2020
697,Leonore,Keegan,70,lkeeganjc@comcast.net,China,,blue,inactive,7/24/2020
698,Marcos,Hennemann,36,mhennemannjd@technorati.com,China,,green,inactive,1/4/2022
699,Wash,Ghiotto,32,wghiottoje@cam.ac.uk,Brazil,68600-000,red,pending,2/1/2022
700,Kasper,Gatherell,76,kgatherelljf@360.cn,Indonesia,,blue,pending,3/13/2020
701,Rahal,Jouanot,69,rjouanotjg@icq.com,Indonesia,,green,pending,7/27/2022
702,Kiley,Schistl,79,kschistljh@xinhuanet.com,China,,red,pending,3/2/2021
703,Linzy,Peckitt,30,lpeckittji@tinypic.com,Poland,36-100,green,inactive,12/11/2021
704,Desmund,Groneway,59,dgronewayjj@tiny.cc,Democratic Republic of the Congo,,blue,pending,5/22/2022
705,Nissie,Ingleston,60,ninglestonjk@cdc.gov,Russia,397706,green,active,1/2/2020
706,Erasmus,Kytter,44,ekytterjl@e-recht24.de,Indonesia,,blue,inactive,4/6/2022
707,Natalee,Whicher,33,nwhicherjm@goo.gl,Poland,42-160,blue,active,8/22/2021
708,Juliette,Bertelsen,82,jbertelsenjn@alibaba.com,Belgium,6594,green,pending,2/28/2020
709,Currie,Littley,26,clittleyjo@symantec.com,Venezuela,,red,active,10/23/2021
710,Ladonna,Rudram,52,lrudramjp@nytimes.com,China,,green,pending,11/10/2022
711,Bobina,Fiddiman,80,bfiddimanjq@dion.ne.jp,China,,green,pending,3/22/2022
712,Emlyn,Van De Cappelle,34,evandecappellejr@discovery.com,Japan,999-1413,green,inactive,4/3/2020
713,Conrade,Coyte,69,ccoytejs@goodreads.com,Iran,,green,pending,9/6/2021
714,Vale,Fewster,21,vfewsterjt@google.fr,China,,green,active,11/22/2022
715,Candide,Patchett,40,cpatchettju@privacy.gov.au,Indonesia,,green,inactive,6/10/2020
716,Gage,Dellenbach,49,gdellenbachjv@mit.edu,Brazil,88820-000,blue,active,12/20/2020
717,Northrup,Vanetti,47,nvanettijw@t-online.de,El Salvador,,green,pending,6/1/2021
718,Weider,Rousel,43,wrouseljx@ebay.co.uk,Kazakhstan,,blue,active,1/8/2021
719,Emelita,Keetley,76,ekeetleyjy@unesco.org,China,,red,active,7/22/2021
720,Valry,Amoore,41,vamoorejz@marketwatch.com,New Zealand,7644,blue,inactive,9/28/2022
721,Elsinore,Berston,55,eberstonk0@shinystat.com,France,33709 CEDEX,red,pending,10/6/2020
722,Emma,Bes,65,ebesk1@nytimes.com,Albania,,green,inactive,9/21/2021
723,Wye,Bettesworth,54,wbettesworthk2@weebly.com,China,,green,inactive,1/7/2022
724,Aldwin,Terrazzo,27,aterrazzok3@ask.com,Mexico,74770,blue,inactive,9/23/2022
725,Trude,Vaissiere,31,tvaissierek4@biblegateway.com,Dominican Republic,10702,blue,active,10/4/2022
726,Joel,Ajsik,30,jajsikk5@studiopress.com,Chad,,blue,active,1/15/2022
727,Everett,Rabbe,73,erabbek6@issuu.com,Indonesia,,red,pending,12/29/2022
728,Shannon,Seeviour,49,sseeviourk7@ucoz.ru,Syria,,blue,active,6/29/2022
729,Ely,Rathjen,50,erathjenk8@marketwatch.com,China,,blue,inactive,8/13/2022
730,Steffie,Parcell,48,sparcellk9@engadget.com,Mongolia,,green,inactive,7/24/2022
731,Guillemette,Fenton,31,gfentonka@slideshare.net,China,,green,active,2/2/2022
732,Schuyler,Kitson,34,skitsonkb@guardian.co.uk,Norway,8657,green,inactive,10/5/2022
733,Sauncho,Cornthwaite,76,scornthwaitekc@usnews.com,Philippines,1084,green,active,3/11/2021
734,Britney,Georg,54,bgeorgkd@umn.edu,Portugal,4870-130,red,inactive,5/8/2020
735,Sibby,Grimmolby,52,sgrimmolbyke@discovery.com,Kazakhstan,,red,inactive,12/3/2021
736,Joel,Davids,30,jdavidskf@wunderground.com,France,77602 CEDEX 3,blue,inactive,8/6/2022
737,Sabine,Ragot,49,sragotkg@who.int,Russia,356526,blue,inactive,9/22/2020
738,Kerianne,Canero,67,kcanerokh@intel.com,Philippines,4201,blue,pending,7/28/2020
739,Mal,Kiffe,52,mkiffeki@ucoz.ru,United States,35205,green,pending,9/12/2022
740,Terrell,Illyes,36,tillyeskj@behance.net,China,,blue,inactive,9/9/2021
741,Dexter,Enrico,68,denricokk@loc.gov,China,,green,active,12/14/2020
742,Maryjo,Wagen,63,mwagenkl@nationalgeographic.com,Indonesia,,red,pending,12/15/2022
743,Kirstin,Gorhardt,29,kgorhardtkm@patch.com,Ukraine,,blue,pending,8/3/2022
744,Laird,Syrett,22,lsyrettkn@xing.com,Ukraine,,red,inactive,3/24/2020
745,Filippo,Connar,57,fconnarko@skype.com,Pakistan,88200,blue,pending,1/31/2022
746,Cecilia,Durrett,56,cdurrettkp@vkontakte.ru,Colombia,910008,red,pending,12/26/2020
747,Carolyne,Dermott,59,cdermottkq@umich.edu,Russia,648360,blue,inactive,4/8/2021
748,Edwin,Bosquet,64,ebosquetkr@state.tx.us,Portugal,4615-544,green,pending,11/21/2021
749,Lindy,Coon,48,lcoonks@slashdot.org,Brazil,35420-000,blue,inactive,11/29/2020
750,Thomasa,Jensen,39,tjensenkt@parallels.com,Ukraine,,blue,active,6/7/2020
751,Page,Scamel,25,pscamelku@csmonitor.com,Peru,,red,pending,2/25/2021
752,Tracy,Wash,69,twashkv@tripod.com,Albania,,red,inactive,10/31/2021
753,Ruperta,Lamborne,59,rlambornekw@huffingtonpost.com,China,,red,active,8/3/2022
754,Jemmy,Gration,80,jgrationkx@freewebs.com,Norway,3220,red,pending,8/24/2021
755,Borden,Schulkins,49,bschulkinsky@ed.gov,Indonesia,,green,pending,10/15/2021
756,Adria,Schiefersten,31,aschieferstenkz@seattletimes.com,Malaysia,93504,green,inactive,11/21/2022
757,Molli,Sherrock,19,msherrockl0@hao123.com,Indonesia,,blue,active,12/17/2022
758,Vita,Meletti,62,vmelettil1@google.com.au,Belarus,,red,active,9/29/2020
759,Margarita,Rouff,47,mrouffl2@shinystat.com,Sweden,973 46,blue,active,3/31/2020
760,Si,Buchett,42,sbuchettl3@berkeley.edu,Thailand,21110,blue,pending,7/17/2021
761,Neall,Deakes,72,ndeakesl4@php.net,Indonesia,,blue,inactive,7/2/2021
762,Rabi,Cabell,56,rcabelll5@barnesandnoble.com,China,,blue,active,5/8/2021
763,Berthe,Littleproud,66,blittleproudl6@google.com.br,France,28034 CEDEX,red,inactive,11/14/2021
764,Flossy,Whilder,52,fwhilderl7@reddit.com,China,,blue,inactive,8/1/2021
765,Gianni,Gladbach,70,ggladbachl8@soundcloud.com,Brazil,28890-000,red,active,7/21/2022
766,Obidiah,Jurek,53,ojurekl9@nbcnews.com,France,57704 CEDEX,red,inactive,3/25/2020
767,Harrie,Bleaden,71,hbleadenla@cocolog-nifty.com,Peru,,red,pending,5/6/2021
768,Cathi,Sibylla,83,csibyllalb@discovery.com,Croatia,51215,green,pending,12/23/2022
769,Rubina,Lingwood,27,rlingwoodlc@yandex.ru,United States,20470,blue,active,10/28/2021
770,Lita,Ravenhill,19,lravenhillld@buzzfeed.com,Malaysia,20504,red,active,5/18/2022
771,Selby,Viner,59,svinerle@adobe.com,China,,red,pending,2/22/2022
772,Izabel,Biddy,33,ibiddylf@marriott.com,China,,red,inactive,11/1/2020
773,Kynthia,Petrello,74,kpetrellolg@ft.com,China,,blue,active,1/1/2021
774,Caryn,Habishaw,51,chabishawlh@bigcartel.com,Pakistan,77381,blue,pending,7/25/2022
775,Mirabelle,Buddles,27,mbuddlesli@eventbrite.com,Cameroon,,green,active,10/11/2021
776,Natty,Shute,24,nshutelj@pinterest.com,China,,green,active,4/29/2020
777,Debbie,Steffans,34,dsteffanslk@tinypic.com,Morocco,,green,inactive,6/22/2020
778,Virgie,MacMakin,78,vmacmakinll@deliciousdays.com,Indonesia,,red,inactive,7/25/2021
779,Rivy,Shiril,39,rshirillm@cbsnews.com,Indonesia,,green,active,3/30/2021
780,Gregoor,Moxted,26,gmoxtedln@amazon.co.uk,Nepal,,red,inactive,5/8/2022
781,Meyer,Cantero,44,mcanterolo@sohu.com,Poland,44-238,blue,active,12/19/2022
782,Leelah,Voisey,23,lvoiseylp@java.com,Philippines,2416,red,active,7/15/2020
783,Whitney,Duchasteau,74,wduchasteaulq@webnode.com,Bosnia and Herzegovina,,green,inactive,5/18/2021
784,Lorrin,Reddell,30,lreddelllr@google.es,Albania,,green,inactive,2/7/2021
785,Collen,McCurry,74,cmccurryls@buzzfeed.com,Honduras,,red,inactive,9/12/2020
786,Kelly,Gribbin,68,kgribbinlt@dedecms.com,Yemen,,red,inactive,7/16/2020
787,Breanne,Linner,80,blinnerlu@is.gd,Poland,26-660,red,pending,10/11/2022
788,Leoline,Tilney,82,ltilneylv@paginegialle.it,Poland,83-401,green,pending,4/4/2020
789,Rancell,Dunthorne,68,rdunthornelw@merriam-webster.com,Russia,306700,blue,pending,3/27/2022
790,Putnam,Swafford,31,pswaffordlx@cnbc.com,Russia,368670,red,pending,5/4/2022
791,Nealy,O'Neal,67,noneally@cornell.edu,Indonesia,,red,pending,8/13/2021
792,Jaquenetta,Spacie,35,jspacielz@utexas.edu,Indonesia,,blue,active,11/4/2020
793,Fulvia,Faers,61,ffaersm0@diigo.com,China,,red,active,12/3/2021
794,Rosemary,Slafford,36,rslaffordm1@rakuten.co.jp,Comoros,,green,inactive,3/13/2021
795,Russell,Ivanchov,39,rivanchovm2@comcast.net,Thailand,96220,red,inactive,9/19/2021
796,Lyda,Wilkinson,21,lwilkinsonm3@google.de,Indonesia,,blue,active,4/2/2022
797,Zita,Goatman,55,zgoatmanm4@google.pl,Armenia,,green,pending,8/23/2021
798,Phillipe,Taborre,65,ptaborrem5@tiny.cc,Democratic Republic of the Congo,,green,pending,4/12/2020
799,Kaela,Angrave,22,kangravem6@msn.com,China,,red,inactive,5/16/2022
800,Rockie,Skoyles,23,rskoylesm7@ebay.com,Syria,,blue,pending,8/30/2021
801,Pennie,Roe,77,proem8@cisco.com,United States,70116,red,inactive,3/17/2021
802,Florie,Arnison,54,farnisonm9@rakuten.co.jp,Philippines,3110,red,pending,2/22/2020
803,Revkah,Mallam,57,rmallamma@sun.com,Philippines,6227,green,active,7/4/2020
804,Liv,Loudwell,74,lloudwellmb@blogger.com,Poland,47-344,green,inactive,12/10/2020
805,Waylin,Beadon,32,wbeadonmc@shinystat.com,Russia,357839,green,active,9/6/2020
806,Ludovico,Frayn,37,lfraynmd@infoseek.co.jp,Poland,27-215,red,active,10/26/2022
807,Giacinta,Vallantine,85,gvallantineme@wikispaces.com,Azerbaijan,,green,pending,10/15/2022
808,Merrilee,Mackrill,40,mmackrillmf@rambler.ru,Philippines,6540,blue,active,12/6/2021
809,Elvina,Bough,81,eboughmg@skype.com,Philippines,1773,green,inactive,5/6/2021
810,Camella,Brass,78,cbrassmh@berkeley.edu,Argentina,3155,red,active,1/28/2021
811,Sissie,Brunsdon,57,sbrunsdonmi@army.mil,Thailand,43120,blue,inactive,11/11/2022
812,Anabelle,Phillott,52,aphillottmj@mysql.com,Philippines,5319,blue,inactive,5/1/2022
813,Clemmie,Martland,72,cmartlandmk@mysql.com,China,,green,active,6/2/2022
814,Heinrik,Mahedy,28,hmahedyml@samsung.com,Ghana,,red,pending,7/10/2020
815,Derwin,Breacher,29,dbreachermm@sohu.com,Czech Republic,672 01,red,active,4/4/2021
816,Reagan,Medlicott,57,rmedlicottmn@istockphoto.com,Sweden,621 75,green,inactive,4/18/2020
817,Willy,Rawne,70,wrawnemo@cmu.edu,Finland,77700,green,pending,3/30/2020
818,Evaleen,Cast,82,ecastmp@dropbox.com,Jamaica,,red,active,3/27/2021
819,Alessandra,Wenn,22,awennmq@soundcloud.com,Yemen,,red,inactive,2/17/2022
820,Venus,Tockell,65,vtockellmr@privacy.gov.au,China,,green,pending,10/7/2021
821,Joe,Larder,35,jlarderms@technorati.com,Spain,03005,red,pending,1/20/2021
822,Sandy,Goodlet,19,sgoodletmt@phpbb.com,Lithuania,90018,blue,active,11/29/2022
823,Joyce,Formigli,21,jformiglimu@ted.com,China,,red,inactive,12/8/2022
824,Gennifer,Nairy,51,gnairymv@parallels.com,Bangladesh,8130,red,inactive,10/12/2022
825,Horace,Hagston,30,hhagstonmw@msn.com,Cameroon,,red,pending,12/23/2022
826,Hilly,Grund,47,hgrundmx@facebook.com,Madagascar,,green,inactive,4/19/2020
827,Sigismundo,Kettlestringe,52,skettlestringemy@gov.uk,Ukraine,,red,active,3/25/2021
828,Cyb,Pyer,37,cpyermz@slashdot.org,Brazil,89270-000,blue,inactive,10/16/2020
829,Jordain,Hallick,30,jhallickn0@imgur.com,China,,red,pending,10/22/2021
830,Buckie,McGraffin,52,bmcgraffinn1@ow.ly,China,,blue,inactive,12/26/2020
831,Malena,Wandrey,26,mwandreyn2@eventbrite.com,Honduras,,green,pending,6/8/2021
832,Lilas,Goricke,47,lgoricken3@pinterest.com,Papua New Guinea,,blue,active,10/14/2022
833,Nikaniki,Haberfield,71,nhaberfieldn4@opera.com,China,,green,pending,5/8/2020
834,Matty,Coils,55,mcoilsn5@sciencedaily.com,Portugal,4560-061,red,pending,5/19/2022
835,Kiah,Bodega,36,kbodegan6@elegantthemes.com,Mexico,40400,red,active,6/18/2021
836,Anderea,Falck,70,afalckn7@woothemes.com,Poland,89-620,green,active,10/26/2021
837,Desi,Borell,74,dborelln8@youtu.be,China,,green,active,12/24/2022
838,Ahmad,Cartledge,63,acartledgen9@pcworld.com,Brazil,59815-000,blue,pending,9/29/2020
839,Melisa,Herculeson,64,mherculesonna@dot.gov,Russia,443099,blue,active,2/11/2020
840,Noam,Peasby,74,npeasbynb@sitemeter.com,Indonesia,,red,inactive,9/3/2022
841,Alf,MacArd,69,amacardnc@theguardian.com,China,,green,active,3/27/2020
842,Kelby,Fanner,67,kfannernd@livejournal.com,Russia,429020,green,inactive,1/15/2022
843,Hope,Maides,34,hmaidesne@ed.gov,China,,red,active,11/3/2021
844,Sadye,Corpe,32,scorpenf@senate.gov,Indonesia,,green,pending,8/13/2020
845,Viviyan,Bruyett,64,vbruyettng@psu.edu,China,,green,active,6/12/2021
846,Casey,Lanham,51,clanhamnh@gravatar.com,Portugal,7460-005,blue,pending,2/16/2020
847,Todd,Hadingham,62,thadinghamni@earthlink.net,France,75712 CEDEX 15,green,active,12/1/2020
848,Nobie,Wyman,55,nwymannj@howstuffworks.com,China,,red,pending,10/1/2020
849,Marlyn,Marden,25,mmardennk@umn.edu,China,,blue,active,5/6/2021
850,Carolan,Seczyk,71,cseczyknl@issuu.com,Poland,34-722,green,pending,12/25/2022
851,Rosene,Styche,83,rstychenm@senate.gov,United States,23605,blue,pending,7/18/2020
852,Dasi,Vasile,84,dvasilenn@newyorker.com,Indonesia,,blue,active,3/30/2020
853,Etienne,McDermid,83,emcdermidno@fc2.com,China,,red,active,8/5/2021
854,Rutter,Brizell,40,rbrizellnp@google.com.br,Indonesia,,green,active,9/17/2021
855,Estrella,O'Carrol,30,eocarrolnq@cnet.com,China,,red,active,10/10/2020
856,Tandy,Lowthorpe,70,tlowthorpenr@godaddy.com,Indonesia,,blue,active,2/9/2021
857,Lolita,Kench,77,lkenchns@tripadvisor.com,Zimbabwe,,red,pending,8/20/2021
858,Lorant,Linturn,19,llinturnnt@odnoklassniki.ru,Peru,,red,inactive,2/18/2021
859,Bernie,De Carlo,72,bdecarlonu@goo.gl,Portugal,9630-045,green,active,8/15/2022
860,Jameson,Klewi,60,jklewinv@jimdo.com,Brazil,39620-000,green,active,7/18/2022
861,Carleton,De Freyne,29,cdefreynenw@hud.gov,China,,blue,inactive,11/29/2020
862,Mellie,Wookey,68,mwookeynx@yelp.com,China,,red,inactive,12/2/2021
863,Cole,Starford,76,cstarfordny@nationalgeographic.com,China,,green,pending,2/13/2022
864,Terence,Lamminam,30,tlamminamnz@chicagotribune.com,Sweden,702 21,red,active,2/16/2020
865,Prentiss,Jezard,83,pjezardo0@bbb.org,Azerbaijan,,blue,pending,10/13/2021
866,Leonhard,Springle,63,lspringleo1@youku.com,Cuba,,blue,inactive,12/30/2021
867,Glory,Hullbrook,49,ghullbrooko2@so-net.ne.jp,Brazil,88385-000,blue,active,9/22/2021
868,Nathanil,Pithcock,24,npithcocko3@tinyurl.com,Indonesia,,green,active,10/8/2022
869,Jacqui,Warlowe,69,jwarloweo4@spiegel.de,Indonesia,,green,pending,1/23/2020
870,Carri,Fossey,61,cfosseyo5@spiegel.de,China,,green,active,6/19/2020
871,Carley,Churches,27,cchurcheso6@google.fr,Indonesia,,blue,pending,10/14/2022
872,Pearce,Kinchlea,28,pkinchleao7@shutterfly.com,Croatia,34308,green,active,12/12/2021
873,De witt,Marten,26,dmarteno8@netscape.com,Ireland,P24,green,active,7/7/2022
874,Cammi,Creak,21,ccreako9@ask.com,Yemen,,blue,active,3/7/2022
875,Belicia,Elcombe,42,belcombeoa@guardian.co.uk,South Africa,0815,green,active,9/15/2021
876,Beatrisa,Pudner,37,bpudnerob@i2i.jp,Vietnam,,red,active,3/11/2021
877,Laney,Monnery,75,lmonneryoc@ehow.com,Bosnia and Herzegovina,,red,inactive,1/18/2020
878,Say,Cufflin,80,scufflinod@myspace.com,Japan,889-1912,red,inactive,7/10/2021
879,Ransom,Flaonier,80,rflaonieroe@phoca.cz,Czech Republic,739 95,red,pending,8/14/2020
880,Gerty,Stearnes,78,gstearnesof@unesco.org,China,,blue,active,2/14/2022
881,Babbette,Face,81,bfaceog@bravesites.com,Pakistan,51480,blue,pending,12/17/2022
882,Paulo,Sobey,50,psobeyoh@bbb.org,Indonesia,,blue,inactive,4/1/2022
883,Thomasina,Weymont,32,tweymontoi@oaic.gov.au,Honduras,,blue,inactive,2/5/2021
884,Wilton,Winspar,26,wwinsparoj@squidoo.com,Indonesia,,red,pending,11/27/2020
885,Thorvald,Beri,54,tberiok@wsj.com,China,,green,active,11/1/2022
886,Genna,Rhymer,52,grhymerol@domainmarket.com,Russia,353220,red,pending,2/16/2022
887,Pearce,Gero,67,pgeroom@huffingtonpost.com,Philippines,2436,green,inactive,6/28/2020
888,Filippa,Dallosso,23,fdallossoon@163.com,United States,72215,red,inactive,2/22/2020
889,Tory,O'Riordan,27,toriordanoo@mail.ru,Mexico,51462,blue,inactive,6/27/2021
890,Mace,Sylvester,70,msylvesterop@list-manage.com,China,,green,active,9/28/2020
891,Moore,Pyrton,25,mpyrtonoq@hhs.gov,Russia,171076,green,pending,9/24/2020
892,Babb,Schwandner,24,bschwandneror@usa.gov,China,,red,inactive,3/18/2022
893,Haydon,Annion,39,hannionos@yahoo.com,Indonesia,,red,active,1/5/2022
894,Vail,Baglin,30,vbaglinot@over-blog.com,Russia,453360,green,pending,11/26/2021
895,Muire,Purdom,49,mpurdomou@howstuffworks.com,Philippines,9205,green,pending,1/24/2022
896,Aundrea,Jenner,77,ajennerov@apache.org,China,,green,inactive,4/17/2021
897,Kylie,Peregrine,61,kperegrineow@pen.io,Portugal,4485-005,blue,active,8/18/2021
898,Lola,Gowar,65,lgowarox@house.gov,Indonesia,,red,active,2/11/2021
899,Ardath,Balint,37,abalintoy@chronoengine.com,Philippines,9407,red,active,4/22/2022
900,Pooh,Rawdall,47,prawdalloz@blogs.com,Sri Lanka,11320,blue,active,1/4/2021
901,Adelle,Hillen,44,ahillenp0@wikipedia.org,Cyprus,,blue,inactive,12/16/2020
902,Elias,Falshaw,18,efalshawp1@jugem.jp,China,,blue,active,10/28/2022
903,Claudianus,Fandrich,29,cfandrichp2@abc.net.au,Greece,,green,pending,3/30/2022
904,Elena,Vibert,43,evibertp3@wiley.com,Japan,610-0331,red,pending,9/29/2022
905,Conrado,Slyme,39,cslymep4@bloglovin.com,China,,blue,inactive,5/19/2022
906,Nomi,Hartington,28,nhartingtonp5@ftc.gov,China,,red,inactive,3/22/2020
907,Waring,Doel,68,wdoelp6@salon.com,Philippines,9021,blue,inactive,11/25/2022
908,Oralee,Langtry,31,olangtryp7@shop-pro.jp,Germany,35687,blue,pending,4/5/2021
909,Cristal,Christon,68,cchristonp8@washington.edu,Grenada,,green,inactive,8/15/2022
910,Nadine,Flohard,78,nflohardp9@odnoklassniki.ru,Russia,363720,red,pending,8/19/2021
911,Erskine,Hibling,62,ehiblingpa@yandex.ru,China,,blue,inactive,3/2/2020
912,Forster,Devonald,74,fdevonaldpb@github.com,China,,red,pending,9/15/2022
913,Brana,Lonnon,66,blonnonpc@forbes.com,Peru,,red,inactive,6/13/2021
914,Rolland,Hintze,63,rhintzepd@cbsnews.com,Costa Rica,11001,red,pending,10/12/2021
915,Tierney,Attlee,24,tattleepe@ucoz.ru,Poland,05-180,blue,active,3/24/2020
916,Roda,Hogben,73,rhogbenpf@cnn.com,Armenia,,red,active,2/21/2021
917,Beverly,McComb,72,bmccombpg@nba.com,Philippines,3119,green,inactive,1/13/2021
918,Calley,Olyunin,53,colyuninph@google.ca,China,,green,pending,4/30/2022
919,Guenevere,Durno,60,gdurnopi@php.net,Guyana,,green,inactive,11/5/2022
920,Jo-anne,Rycraft,41,jrycraftpj@time.com,United States,55448,blue,active,3/22/2022
921,Erroll,Daglish,20,edaglishpk@army.mil,Argentina,2752,green,inactive,2/15/2020
922,Moria,Eborn,57,mebornpl@sakura.ne.jp,Ukraine,,green,inactive,9/1/2020
923,Celinda,Narraway,82,cnarrawaypm@upenn.edu,Indonesia,,red,pending,8/10/2022
924,Vanessa,Badrick,23,vbadrickpn@nature.com,Peru,,green,pending,11/4/2022
925,Heath,McLemon,64,hmclemonpo@harvard.edu,Cameroon,,green,pending,5/31/2021
926,Minne,Taudevin,62,mtaudevinpp@wordpress.org,Colombia,132527,red,pending,8/19/2022
927,Charisse,McDermott-Row,84,cmcdermottrowpq@twitpic.com,China,,blue,inactive,9/25/2021
928,Rory,Dufty,44,rduftypr@linkedin.com,Philippines,2446,green,inactive,5/29/2021
929,Krysta,Skures,50,kskuresps@wikipedia.org,Ethiopia,,red,active,11/21/2021
930,Nanete,Lynas,76,nlynaspt@imageshack.us,Ukraine,,green,active,3/16/2020
931,Alvie,Cordner,84,acordnerpu@buzzfeed.com,Sweden,581 15,blue,pending,6/6/2020
932,Jayne,Gero,51,jgeropv@wordpress.com,China,,red,active,12/22/2022
933,Jolene,Weale,82,jwealepw@discuz.net,Indonesia,,green,pending,1/14/2022
934,Alexandros,Ranshaw,48,aranshawpx@patch.com,China,,blue,active,5/20/2022
935,Tracee,Brayson,60,tbraysonpy@hostgator.com,Poland,66-540,red,active,3/29/2022
936,Tisha,Hambridge,82,thambridgepz@tuttocitta.it,Nigeria,,blue,active,11/21/2020
937,Margeaux,Torrent,32,mtorrentq0@blinklist.com,Brazil,85960-000,green,active,3/5/2021
938,Katy,Jendrach,78,kjendrachq1@sun.com,Mexico,54783,blue,active,11/26/2021
939,Benjamen,Swalwel,44,bswalwelq2@wikipedia.org,Indonesia,,blue,inactive,5/8/2022
940,Shell,Southers,77,ssouthersq3@google.de,Sweden,911 32,blue,inactive,5/24/2021
941,Marilyn,Burnep,48,mburnepq4@mysql.com,Mozambique,,blue,active,4/24/2022
942,Tilda,Reford,60,trefordq5@creativecommons.org,Cyprus,,red,active,10/13/2022
943,Rosette,Grimmert,20,rgrimmertq6@independent.co.uk,Indonesia,,red,inactive,7/11/2020
944,Batholomew,Fessler,37,bfesslerq7@ifeng.com,Barbados,,red,inactive,3/3/2020
945,Remy,Puller,82,rpullerq8@51.la,China,,green,inactive,11/27/2022
946,Darryl,McNirlin,52,dmcnirlinq9@icq.com,Bosnia and Herzegovina,,red,inactive,3/28/2021
947,Editha,Webley,70,ewebleyqa@stanford.edu,Sweden,382 91,red,pending,10/18/2020
948,Bernie,Eudall,23,beudallqb@cpanel.net,China,,green,active,3/15/2020
949,Nonnah,Howieson,31,nhowiesonqc@time.com,Kenya,,blue,active,9/21/2022
950,Kiri,Hylden,76,khyldenqd@hhs.gov,Indonesia,,green,active,1/13/2020
951,Cly,Lofts,80,cloftsqe@yellowbook.com,China,,green,inactive,9/29/2020
952,Manya,Gerhartz,40,mgerhartzqf@4shared.com,Slovenia,5212,red,active,6/18/2022
953,Nataline,Leggon,39,nleggonqg@tinyurl.com,Japan,752-0923,red,pending,8/17/2020
954,Verene,Carreck,41,vcarreckqh@economist.com,Philippines,4407,green,pending,1/14/2021
955,Quinn,Basil,30,qbasilqi@constantcontact.com,Ethiopia,,blue,pending,6/21/2020
956,Cicely,Blaine,26,cblaineqj@friendfeed.com,China,,green,inactive,12/18/2022
957,Gertrude,Filippone,82,gfilipponeqk@bigcartel.com,Sweden,124 54,red,active,5/19/2020
958,Tarrance,Berthouloume,49,tberthouloumeql@soup.io,Philippines,9607,green,active,11/30/2020
959,Zsazsa,Domonkos,29,zdomonkosqm@google.co.uk,San Marino,47894,green,pending,7/29/2020
960,Rick,Cool,67,rcoolqn@blogspot.com,Indonesia,,green,inactive,8/2/2021
961,Sanderson,Bullivant,83,sbullivantqo@mozilla.com,Poland,83-262,green,active,3/3/2021
962,Arlene,Farthing,33,afarthingqp@gnu.org,Philippines,6719,blue,pending,8/21/2020
963,Delores,Maffione,33,dmaffioneqq@accuweather.com,Benin,,blue,pending,8/5/2022
964,Sileas,Spiaggia,22,sspiaggiaqr@phpbb.com,Philippines,1269,green,active,9/2/2022
965,Connor,Plumptre,37,cplumptreqs@privacy.gov.au,United States,94627,blue,pending,8/24/2020
966,Mike,Brunel,43,mbrunelqt@engadget.com,Denmark,1310,green,pending,7/17/2020
967,Hermann,O'Hdirscoll,55,hohdirscollqu@usda.gov,Indonesia,,green,pending,4/28/2020
968,Evelin,Stitle,27,estitleqv@diigo.com,Greece,,green,active,12/11/2021
969,Fara,Haberjam,47,fhaberjamqw@nytimes.com,Brazil,25880-000,red,pending,4/21/2020
970,Vern,Redfield,71,vredfieldqx@bbb.org,Canada,T8S,blue,active,6/29/2022
971,Meade,Woodrough,62,mwoodroughqy@51.la,Thailand,10500,red,inactive,10/13/2021
972,Clerc,Arnould,75,carnouldqz@google.it,China,,green,pending,12/15/2021
973,Noami,Deboo,18,ndeboor0@symantec.com,Iran,,green,inactive,5/29/2022
974,Mathilde,Halstead,80,mhalsteadr1@google.nl,China,,green,pending,6/14/2022
975,Mari,Veldman,42,mveldmanr2@youtube.com,Nigeria,,blue,pending,2/10/2022
976,Loralyn,Riglar,34,lriglarr3@epa.gov,China,,blue,active,6/18/2022
977,Amelita,Perulli,78,aperullir4@springer.com,Brazil,53400-000,red,pending,5/25/2021
978,Baillie,Gammett,50,bgammettr5@bbc.co.uk,China,,red,active,10/28/2020
979,Sheba,Hanney,61,shanneyr6@indiatimes.com,France,91009 CEDEX,blue,inactive,1/26/2020
980,Aubine,Maryet,75,amaryetr7@soundcloud.com,France,44200,green,pending,6/16/2021
981,Vittorio,Davydochkin,66,vdavydochkinr8@usnews.com,Mexico,40914,green,inactive,6/2/2020
982,Rowan,Bayne,83,rbayner9@nymag.com,Brazil,13160-000,green,active,3/31/2021
983,Cynthy,Janicki,62,cjanickira@auda.org.au,China,,red,inactive,5/18/2022
984,Clo,Muehle,60,cmuehlerb@bravesites.com,Thailand,77120,red,inactive,1/21/2021
985,Lyndell,Yateman,73,lyatemanrc@howstuffworks.com,Ukraine,,red,inactive,2/16/2022
986,Norrie,Spincke,25,nspinckerd@163.com,Indonesia,,green,inactive,7/10/2020
987,Charity,Caldicott,66,ccaldicottre@netvibes.com,Philippines,3318,red,pending,9/1/2020
988,Viola,Wilcocke,39,vwilcockerf@paginegialle.it,Russia,655670,blue,inactive,2/27/2022
989,Marielle,Beiderbeck,18,mbeiderbeckrg@xinhuanet.com,Ukraine,,red,inactive,6/28/2022
990,Waylin,Seine,50,wseinerh@drupal.org,Poland,63-005,green,active,5/2/2021
991,Shayne,Moore,64,smooreri@umn.edu,Sri Lanka,20300,green,pending,12/31/2020
992,Marcie,Rayne,25,mraynerj@go.com,France,92019 CEDEX,red,active,2/6/2021
993,Ragnar,Bartels,55,rbartelsrk@yellowbook.com,Philippines,8422,blue,active,6/29/2022
994,Addie,Keely,67,akeelyrl@blogtalkradio.com,Thailand,30260,green,active,6/24/2021
995,Archibaldo,Rain,65,arainrm@qq.com,United States,75049,red,inactive,6/15/2022
996,Cornelia,Gregoire,24,cgregoirern@lycos.com,Russia,636330,red,pending,1/11/2022
997,Free,Grayland,84,fgraylandro@t.co,Brazil,59815-000,red,active,12/5/2021
998,Dane,Galbraeth,79,dgalbraethrp@sogou.com,Philippines,5513,blue,inactive,9/22/2021
999,Chrystal,Stannard,23,cstannardrq@ycombinator.com,Russia,623082,blue,active,12/3/2020
1000,Michelle,Devey,30,mdeveyrr@nba.com,China,,red,inactive,7/5/2022
